Club Name,Recordings,Club Identifier,Country,Additional Info
Dream Cam,4361,dream-cam,England,
Ipswich Town FC,3663,ipswich-town-football-club,England,Ipswich
Dream Cam 5,3347,brand-dream-june-2024,England,
Sheffield United Academy,2651,alex-delves,England,Sheffield
Chelsea Academy VEO,2466,chelsea-academy-veo,England,London
DAFL,2261,dubai-amateur-football-league,England,
Dream Cam 3,2016,10-cameras-branddream,England,
Manchester City FC,1626,manchester-city-football-club,England,Manchester
ASTON VILLA WOMEN,1538,aston-villa-women-regional-talent-centre,England,Birmingham
Blackpool FC,1295,blackpool-football-club,England,Blackpool
Burnley FC,1280,burnley,England,Burnley
Dream Cam 2,1261,branddream,England,
Burton Albion,1238,burton-albion,England,Burton upon Trent
Arsenal Football Club PLC,1229,arsenal-fc-d7405fec,England,London
Cheltenham Town Academy,1184,cheltenham-town-academy,England,Cheltenham
Mansfield Town,1152,mansfieldtownacademy,England,Mansfield
The Dons,1143,afc-wimbledon-2,England,AFC Wimbledon (Likely)
Gateshead,1135,gateshead-football-club,England,Gateshead
Crystal Palace,1099,crystal-palace-3,England,London
Lewes FC,1035,lewes-fc-women,England,Lewes
Eastleigh FC,1031,eastleigh-football-club,England,Eastleigh
Braintree,1022,braintree-futsal-club,England,Braintree
Dully,964,dulwich-hill-football-club,England,
Barnsley Football Club,942,barnsley-football-club,England,
Chatham Town,918,chatham-town,England,Chatham
Chatham Town,918,chatham-town,England,Chatham
Chatham Town,918,chatham-town,England,Chatham
Lincoln City FC,873,lincoln-city-fc-08146977,England,Lincoln
MK Dons FC,832,milton-keynes-dons-fc-2,England,Milton Keynes
Blackburn Rovers,787,blackburn-rovers-football-club,England,Blackburn
Blackburn Rovers,787,blackburn-rovers-football-club,England,Blackburn
Kingsley Westside Football Club,785,kingsley-westside-football-club,England,Kingsley
Leisure Leagues,762,leisure-leagues-hastings-5990b8ef,England,
Downs Rugby,749,downs-rugby-ltd,England,
Tottenham Hotspur Football & Athletic CO. LTD,739,alex-vinall,England,London
Berwick City,736,berwick-city-soccer-club,England,City
Exeter City Afc Ltd,724,exeter-city-fc-a3246d81,England,
Dunbar Rovers FC,666,dunbar-rovers-fc-939f648b,Scotland,Dunbar
Dragons Football Academy,663,club-cardiff-city-fc-adc-npt,England,
Draxmatic,663,slime-fc,England,
AIRBUS UK BROUGHTON FC,658,airbus-uk-broughton,England,Broughton
duKTiG,652,duktig-brand,England,
Dream Cam 7,648,brand-dream-oct-2024,England,
Man City,645,uae-city-football-schools,England,Manchester
Alive King's Lynn Community Football,644,kings-lynn-community-football,England,King's Lynn
Chelsea FC Women,626,chelsea-fc-women,England,London
AFC Sudbury,622,afc-sudbury-academy,England,Sudbury
Met Police FC,621,metropolitan-police-football-club,England,London
Millfield School,616,millfield-school,England,Somerset
MORECAMBE FOOTBALL CLUB,613,morecambe-football-club,England,Morecambe
Ilkley Town AFC,588,ilkley-town-community-football-ltd,England,Ilkley
Dundee FC Academy,552,dundee-fc-academy-2,Scotland,Dundee
Everton Football College,544,everton-football-college,England,
Benjamin Chueng,543,dreams42,England,
Bloomsbury Football,530,bloomsbury-football-academy,England,Bloomsbury
Cambridge Youth Soccer,510,cambridge-youth-soccer,England,Cambridge
Johnstone Burgh FC,507,johnstone-burgh,Scotland,Johnstone
Balham Ballers FC,503,balham-ballers-fc,England,London
Hampton and Richmond FC,502,hampton-and-richmond-borough-fc,England,Hampton
DUNBAR,494,dunbar-united-fc,Scotland,Dunbar
Itchen College,489,itchen-sixth-form-college-2,England,Itchen
Buxton FC,485,buxton-football-club,England,Buxton
Epsom College,463,epsom-college-sport,England,
Dream Cam 4,462,dream-cam-4,England,
ASHBURTON UNITED,458,ashburton-united,England,
GUFC,456,gippsland-football-club-incorporated,Scotland,
Boroughmuir Thistle FC,448,boroughmuir-thistle-football-club,Scotland,Edinburgh
Basketballscotland,447,basketballscotland,Scotland,
Boreham Wood  FC,446,boreham-wood-fc-pase-academy,England,Borehamwood
Devon County FA,431,devon-county-fa,England,Devon
Hull City Academy,431,hull-city-academy-veo,England,Hull
Barton Peveril Sixth Form College,429,barton-peveril-sixth-form-college,England,
AFC Stoneham,426,afc-stoneham,England,Stoneham
Leven VEO,425,ohio-premier-2,Scotland,Leven
Derby County Community Trust,425,derby-county-community-trust,England,Derby
Dream Cam 6,424,brand-dream-september-2024,England,
City of London School,423,city-of-london-school,England,London
Broadbridge Heath FC,423,broadbridge-heath-fc,England,Broadbridge Heath
Balham,421,balham-football-club,England,Insufficient information
Ayr United Football Academy,419,ayr-united-football-academy,Scotland,Football academy
Huddersfield New College,417,huddersfield-new-college-3,England,Huddersfield
Accrington Stanley Football Club,417,accrington-stanley-football-club-672b2016,England,Accrington
Gartcairn,409,robert-mccallum,Scotland,Gartcairn
Cheltenham Town FC Ltd (Hereford Development),408,cheltenham-town-dc-hereford,England,Cheltenham
BUSA,405,birmingham-united-soccer-association-2,England,Birmingham
Ebbsfleet United FC Academy,401,ebbsfleet-united-fc-academy,England,
Dream Cam 8,400,blue-orange,England,
BASINGSTOKE TOWN FC,398,basingstoke-town-community-football-club,England,
Ipswich Town Foundation,398,ipswich-town-community-trust,England,Ipswich
Hartpury University,395,hartpury-university,England,
Ipswich Knights FC,392,ipswich-knights-football-club-3,England,Ipswich
AFC Rushden & Diamonds,392,afc-rushden-diamonds,England,Rushden
Chessington & Hook United FC,391,chessington-hook-united-football-club,England,Chessington
(Partnership) Lewes FC,389,lewes-fc-5,England,Lewes
Croydon City SC,385,croydon-city-soccer-club,England,Croydon
Harrow United,380,harrow-united,England,Harrow
Dorking,378,dorking-wanderers-football-club,England,Dorking
Leiston FC,378,leiston-football-club,England,Leiston
Crewe Alexandra,373,crewe-alexandra-football-club-2,England,Crewe
Gillingham F.C,371,gillingham-fc-2,England,
Dorking Wanderers Youth Development,370,dorking-wanderers-elite,England,Dorking
Eastbourne College,365,eastbourne-college,England,Eastbourne
LCFC Women Academy,355,louis-sowe-3,England,Women's Academy
Chipstead,353,chipstead-fc-surrey,England,Chipstead
Chipstead,353,chipstead-fc-surrey,England,Chipstead
Hurst,353,hurstpierpoint-college,England,West Yorkshire (likely)
Dom and Gav,353,dominicgavin,England,
Doncaster Rovers,350,doncaster-rovers-football-club-3,England,Doncaster
Doncaster Rovers,350,doncaster-rovers-football-club-3,England,Doncaster
Crystal Palace Football Club Women,350,crystal-palace-football-club-women-2,England,London
Appleton AFC,346,appleton-fc,England,Appleton
Dorking RFC,344,dorking-rugby-football-club,England,Dorking
Blackburn Rovers Football Club,343,blackburn-rovers-football-club-594b0413,England,Blackburn
Crewe Arrows,341,crewe-arrows,England,Crewe
Eaglescliffe Elementis,341,eaglescliffe-elementis-junior-football-club,England,Eaglescliffe
Buckswood Football Academy,341,buckswood-school-football-academy,England,
DVRFC,340,dvrfc,England,Dartford
Leicester Celtic FC,333,leicester-celtic-fc-f22e3390,England,Leicester
Hamilton Accies,330,hamilton-academical-wfc-3,Scotland,Hamilton
Bedworth United FC,329,bedworth-united-fc,England,Football Club
East Fife CFC,329,east-fife-community-football-club,Scotland,East Fife
Birmingham Futsal,328,birmingham-futsal,England,Birmingham
Bowers & Pitsea FC,328,bowers-pitsea-fc,England,Basildon
Kernow Storm FC,326,dallas-roma-fc,England,
Dnamo FC,326,dnamo-fc,England,
BSC Tottenham Hotspur FC & Academy Sports,325,bsc-tottenham-hotspur,England,
Brighton College,325,brighton-college-2,England,Brighton
Crusaders FC,323,crusaders-futbol-club,Northern Ireland,Belfast
EAST OXFORD,321,east-oxford-fc,England,Oxford
Herne Bay FC,318,herne-bay-fc,England,Herne Bay
Herne Bay FC,318,herne-bay-fc,England,Herne Bay
Usld,316,dunkerque,England,
Ipswich RFC,316,ipswich-rugby-football-club,England,Ipswich
FOOTBALL DOMINATION,314,dominic-best,England,
Welling United,313,garry-fiore,England,Welling
Crewe FC,312,crewe-football-club,England,Crewe
Colney Heath FC,309,colney-heath-ladies-fc-4,England,Colney Heath
Burghfield FC,308,burghfield-fc,England,Burghfield
Darlington School Soccer Academy,308,darlington-school-soccer-academy-0bb3ea96,England,Darlington
King Edward VI School,307,dan-kent,England,
Darlington Soccer Club,307,darlington-soccer-club-6c978daf,England,Darlington
Costessey,305,costessey-sports-club-3,England,
Benfleet FC,303,benfleet-fc,England,Football Club
Clevedon Town,302,clevedon-town-football-club-3,England,Clevedon
East Riding Futsal,300,east-riding-futsal,England,
Gloucester City AFC,300,gloucester-city-youth-football-club,England,
Arsenal Women,298,arsenal-women,England,London
Garswood UTD,297,burscough-herald-juniors,England,Garswood
Robins Foundation,294,bristol-city-robins-foundation-4f663a47,England,Bristol
Molesey FC,293,molesey-football-club,England,Molesey
Bolsover,291,bolsover-town-football-club,England,Bolsover
Bedfont Sports Club,291,bedfont-sports-club,England,Sports Club
Charlton Athletic Community Trust 21/22,289,charlton-athletic-community-trust-2,England,London (Charlton)
Harrogate Town,287,harrogate-town,England,Harrogate
Hindley,285,hindley-amateur-rugby-league-club,England,Hindley
Huel Tring Rugby Football CLub,285,tring-rugby-football-club,England,Tring
Chippenham Town FC,284,chippenham-town-fc,England,Chippenham
Bradfield College,282,bradfield-college-2,England,Bradfield
Hampstead & Westminster,281,hampstead-westminster-hockey-club-2,England,London
Hammersmith FC,280,hammersmith-football-club,England,Hammersmith
Mulbarton Wanderers FC,279,stoke-uea-football-club,England,Mulbarton
Guildford Owls,276,guildford-jrl,England,Guildford
Meadowhead School,276,meadowhead-school,England,
Dream Cam 13,276,blue-orange-dec-24,England,
FC DURHAM,275,fc-durham-academy,England,Durham
AFC Bournemouth,275,afc-bournemouth,England,Bournemouth
Ebbsfleet United,274,ebbsfleet-united-fc-64522fb7,England,
Bedford Ladies,274,bedford-ladies-and-girls-football-club,England,Ladies
Kings Hill,273,kings-hill-football-club,England,Kings Hill
Harlow Town,272,st-margaretsbury-yellows,England,Harlow
Chorley FC,272,chorley-fc,England,Chorley
Astley and Tyldesley FC,271,astley-and-tyldesley-fc,England,Astley and Tyldesley
Desertmartin Football Club,271,desertmartin-fc,Northern Ireland,
MK Breakers,271,milton-keynes-breakers-basketball-club,England,Milton Keynes
Cambridge United Academy,269,cambridge-united-football-club-3,England,Cambridge
Dream Cam 10,268,blue-orange-nov-2024-91e899db,England,
Marlow FC,267,marlow-football-club,England,Marlow
Barnhurst Lane Lions FC,266,stoke-regional-talent-centre,England,
Biggleswade United,265,biggleswade-united-football-club,England,United
Eversley & California FC,264,pointer-systems-ltd,England,
Leafield Athletic Ladies,264,leafield-athletic-ladies,England,Ladies
Houghton Athletic,264,houghton-athletic,England,Houghton-le-Spring (likely)
Mousehole AFC,263,mousehole-1st-team,England,Mousehole
Hants FA,262,hampshire-football-association,England,
Bovingdon Fc,262,berkhamsted-fc,England,Bovingdon
Dreamers FC,262,dreamers-fc,England,
Crowborough Athletic,260,crowborough-athletic-football-club-ea24b69c,England,Crowborough
Hellenic Football Club,259,cape-town-football-academy,England,
Jeanfield Swifts FC,258,jeanfield-swifts-football-club,Scotland,Perth
King's School Bruton,258,kings-school-bruton,England,Bruton
Drew Hilgenberg,257,drew-hilgenberg,England,
Chelmsford,256,chelmsford-city,England,Chelmsford
DP,254,dp-a941e3ab,England,
DP,254,dp-a941e3ab,England,
Dean Close Rugby Cricket,253,dean-close-school-rugby-and-cricket,England,Cheltenham
MK Dons,252,milton-keynes-dons-fc,England,Milton Keynes
Kings Lynn Town FC,251,kingslynntownfc,England,King's Lynn
Aylesbury Rugby Club,251,aylesbury-rugby-club,England,Rugby club
Hewett Kids,251,hewett-family,England,Hewett
Histon,248,histon-football-club,England,Histon
Histon,248,histon-football-club,England,Histon
Deptford soccer,248,deptford-soccer-association-09d4f25d,England,Deptford
Broxbourne Borough Youth,247,broxbourne-borough-youth,England,Broxbourne
Dorchester Town Football Club,245,dorchester-town-football-club,England,Dorchester
Dolan 2022,245,dolan-2022,England,
Cheshunt Youth,244,cheshunt-youth-fc,England,Cheshunt
Dartford FC YDC,244,dartford-fc-ydc,England,Dartford
Enniskillen Rugby,243,enniskillen-rugby-football-club,Northern Ireland,Enniskillen
Hearts,242,heart-of-midlothian-football-club-295c5188,Scotland,Edinburgh
ANDOVER NEW STREET FC,241,andover-new-street,England,Andover
Malvern Town,239,malvern-town-fc,England,Malvern
Clapham Ultimate,238,clapham-ultimate,England,Clapham
Chesham United,238,chesham-united,England,Chesham
AFC Whyteleafe Youth,237,junior-elite-footbal-club,England,Whyteleafe
Fleetwood Town Juniors FC (FTJFC),236,fleetwood-town-juniors-fc-ftjfc,England,Fleetwood
Hull United,236,4-cresswell-close,England,Hull
The Mikes,233,boldmere-st-michaels,England,Boldmere
Fairford,233,fairford-town,England,Fairford
Colchester United CF,233,colchester-united-football-in-the-community,England,Colchester
Clitheroe FC,233,clitheroe-football-club-3,England,Clitheroe
Burton RFC,233,burton-rugby-football-club,England,Burton upon Trent
Harrow School,232,harrow-school-3,England,Harrow
Leigh East,232,leigh-east-amateur-rugby-league-club,England,Leigh
Camberley Town,232,camberley-town,England,Camberley
Doss,232,fcpride,England,
Billingham Synthonia,232,billingham-synthonia-football-club,England,Synthonia
Ashton on Mersey,232,ashton-on-mersey-6th-form,England,
Dalkeith Thistle CFC,232,dalkeith-thistle,Scotland,Dalkeith
Hatcham FC,232,hatcham-football-club,England,
Darlaston Town FC,231,darlaston-town-1874-fc-3,England,Darlaston
Hungerford Town FC,230,hungerford-town-fc,England,Hungerford
Marlborough Rugby,230,marlborough-rugby-club,England,Marlborough
Dudley College Sport,230,dudley-college-sport,England,Dudley
Edinburgh South CFC,229,edinburgh-south-community-football-club,Scotland,Edinburgh
Chelsea FC Blenheim,228,chelsea-fc-blenheim,England,London (Likely a youth team or community initiative)
Chobham RFC,227,chobham-rugby-football-club,England,Chobham
Buckingham United,227,buckingham-united,England,Buckingham
Eton Manor Rugby Club,227,eton-manor-rugby-club,England,
Bilston Town,227,bilston-town-fc-2,England,Town
AFC Knowsley,226,afc-knowsley,England,Knowsley
Bristol City FC,226,bristol-city-fc-262eb657,England,Bristol
Blantyre Celtic CFC,226,blantyre-celtic-yfc,Scotland,Blantyre
Albion Rovers FC,226,albion-rovers-football-club-2,Scotland,
Berkhamsted School,226,berkhamsted-school-a42de765,England,School
Ashton Town Ladies,226,winstanley-warriors-football-club,England,
Horndean,225,horndean-fc,England,Horndean
Horndean,225,horndean-fc,England,Horndean
Cumbernauld Colts,225,cumbernauld-colts-football-club,Scotland,Cumbernauld
AFC Kingston Youth,225,afc-kingston-youth,England,Kingston upon Thames
CD,224,voorhees-soccer-association,England,
Everton FC Women,223,ewguk,England,
harps,223,derrygonnelly-harps,Northern Ireland,
Dream Cam 9,223,blue-orange-nov-2024,England,
King Edward VI College - BFMAT,222,king-edward-vi-college,England,
East Norfolk Sixth Form College,222,east-norfolk-sixth-form-college,England,
Cheshunt Football Club,221,cheshunt-football-club,England,Cheshunt
Alty,221,altrincham-fc,England,Altrincham
Burnley FC in the Community,221,burnley-fc-in-the-community-3,England,Burnley
Alty,221,altrincham-fc,England,Altrincham
Cheshunt,220,cheshunt,England,Cheshunt
Crawley Down,220,crawley-down-gatwick,England,Crawley Down
Billericay Town,219,billericay-town-fc-2,England,
Deanshanger Colts & Girls Football Club,219,deanshanger-colts-football-club,England,Deanshanger
Aldenham School,219,aldenham-school,England,Elstree
Hemel,219,hemel-hempstead-youth-town,England,Hemel Hempstead
Burgess Hill Town,219,russell-martin-academy,England,Burgess Hill
Dagenham United Fc,218,dagenham-united-football-club,England,Dagenham
Dereham Town FC,218,toastys-football-clubs-and-players,England,Dereham
Cornwall FA,217,cornwall-fa,England,Cornwall
Bracknell Rugby Club,217,bracknell-rugby-club,England,Bracknell
Armagh City FC,216,martin-mccann,Northern Ireland,Armagh
Cambridge Regional College,216,cambridge-regional-college,England,Cambridge
Cambourne Town,216,cambourne-town-football-club,England,Cambourne
Kempston Rovers,215,kempston-rovers-football-club,England,
Ashington AFC,214,ashington-association-football-club,England,
Barking Abbey School,214,barking-abbey-football-academy-de5371fd,England,
Chasetown Fc(First Team),213,alvchurch-fc,England,Chasetown
Downside School,213,downside-school,England,
Cheadle Hulme School,213,cheadle-hulme-school,England,Cheadle Hulme
Douglas Hall,212,douglas-hall-afc,England,
Matlock Town Juniors F.C.,211,matlock-town-juniors-fc,England,Matlock
Belvedere FC,210,belvedere-fc,England,Football Club
Devonport Services RFC,210,devonport-services-rugby-football-club,England,Devonport
Dundee Madsons,210,dundee-madsons-basketball-club,Scotland,Dundee
Abbey Rangers,210,abbey-rangers-football-club,England,
Halesowen College,209,halesowencollege,England,Halesowen
Celtic,209,castlebar-celtic-fc,Scotland,
Hebburn,208,hebburn-town-fc,England,
Enfield Rovers FC,207,enfield-rovers-football-club,England,Enfield
Carnoustie Panmure Football Club,206,performance-soccer-academy,Scotland,
Dunottar School,206,dunottar-school,Scotland,Stonehaven
CAMBRIDGE BLACK CATS F.C,205,cambridge-black-cats-fc,England,Cambridge
Leith Athletic,204,leith-athletic-2,Scotland,Leith
Hartham United,203,hartham-united-football-club,England,
Leicester Atletico Fc,202,leicester-atletico-united-fc,England,Leicester
DREAM CAM (VEO2),202,brand-dream,England,
Kirkham Sport,202,kirkham-grammar-school-rugby,England,Kirkham
Boston United,202,boston-united-fc-5,England,Boston
King Edwards VII,202,king-edwards-7th,England,
Boston United,202,boston-united-fc-5,England,Boston
AFC Pogmoor,200,afc-pogmoor,England,Pogmoor
Haywards Heath Academy,200,haywards-heath-academy,England,Haywards Heath
AFC Leyton,200,afc-leyton,England,Leyton
FETTES COLLEGE,199,fettes-college,Scotland,Edinburgh
Bideford AFC,199,bideford-association-football-club,England,AFC
Harrogate Railway,199,michael-oconnell,England,Harrogate
Brigg town,199,brigg-town-fc-cic,England,Brigg
Enfield Borough FC,199,enfield-borough-football-club,England,Enfield
Carlos,198,gava,England,
LEARNERS FOOTBALL CLUB,198,learners-football-club,England,
Ardingly College,198,ardingly-college,England,Ardingly
Dromara fc,197,dromara-village,Northern Ireland,Dromara
Bradford,197,bradford-city-afc,England,Bradford
Musgrave Mustangs VEO3,197,musgrave-sports-club-inc,Northern Ireland,Musgrave
Accrington DC,197,oldham-athletic-development-centre,England,Accrington
Clarendon FC,197,clarendon-fc,England,League unknown
Ashford Town FC,196,ashford-town,England,
Glenavon FC,196,glenavon-fc,Northern Ireland,
Cambridge Utd WFC,196,cambridge-united-womens-football-club-2,England,Cambridge
Hyde United FC,196,hyde-united-fc-home,England,Hyde
Clenchwarton Youth Football Club,195,clenchwarton-youth-football-club,England,Clenchwarton
Kirby Muxloe Football Club,195,kirby-muxloe-football-club,England,Kirby Muxloe
Cheadle Town,195,manchester-grassroots-tournaments,England,Cheadle
Coombe Wood School,195,coombe-wood-school-athletics,England,London
Exeter University,194,exeter-university,England,
Mossley,194,mossley-association-football-club,England,Mossley
Croydon FC New Camera,194,croydon-fc-new-camera,England,Croydon
Bede’s School,194,bedes-school,England,School
Hamble Club,194,hamble-club-fc-2,England,Hamble
Cookstown Youth Football Club,194,cookstown-youth-football-club,Northern Ireland,Cookstown
Haverhill Rovers,194,haverhill-rovers-football-club,England,Haverhill
Mossley,194,mossley-association-football-club,England,Mossley
HORBURY TOWN FOOTBALL CLUB,194,horbury-town-football-club,England,Horbury
Dolls Point Football Club,194,dolls-point-football-club,England,Dolls Point
Harlow Town FC,193,harlow-town-football-club,England,Harlow
Hurworth School,193,hurworth-school,England,Darlington (likely)
COMBER REC FC,192,comber-recreation-football-club,Northern Ireland,Comber
DSA,192,dsa-sports-club,England,
FC Clacton,192,fc-clacton,England,Clacton
KENILWORTH RUGBY FOOTBALL CLUB,191,kenilworth-rugby-football-club-limited,England,
AFC Portchester,191,afc-portchester,England,Portchester
England Amputee Football Association,190,england-amputee-football-association,England,
Bristol GS,190,bristol-grammar-school,England,Bristol
Coton Green,189,coton-green-football-club,England,
Dream Cam 11,189,blue-orange-dec-2024-e8175272,England,
Crewe Alexandra in the Community,188,crewe-alexandra-in-the-community,England,Crewe
Manchester Titans,188,manchester-titans-afc,England,Manchester
Langho FC,188,langho-football-club,England,
Beths Grammar School,187,beths-grammar-school,England,Grammar School
Motspur Park FC,186,motspur-park-football-club-2,England,Motspur Park
Hove Rugby Club,186,hove-rugby-club,England,Hove
Caley Thistle,185,inverness-caledonian-thistle,Scotland,Inverness
FC Manunited g2010 Red,185,strikers-fc-north-ie-g10-sj,England,Manchester United (Youth Team or Fan Club)
Coalville Town U17,185,afc-andrews,England,Coalville
Hitchin Rugby Club,184,hitchin-rugby-club,England,Hitchin
Chasetown Youth Development Pathway,184,chasetown-ydp-youth-development-pathway,England,Chasetown
Fawley,183,fawley-afc,England,Fawley
PONTELAND UNITED,183,colin-brooks,England,Ponteland
Middlesbrough FC Women,183,middlesbrough-women-fc-7883a634,England,Middlesbrough
Ayr Storm Basketball Club,182,ayr-storm-basketball-club-1a1d7194,Scotland,Basketball club
Malvern,181,malvern-city-fc,England,
easterhouse fa,181,easterhouse-football-academy,Scotland,Easterhouse
Charnock Richard,181,charnock-richard-football-club-3,England,Charnock Richard
FC Peterborough,180,fc-peterborough,England,Peterborough
Howfen FC,180,howfen-fc,England,Howfen
Ashton Town FC,180,linkit-recruitment-limited,England,
Godmanchester Rovers,180,godmanchester-rovers-football-club,England,
Brechin Victoria JFC,179,brechin-victoria-jfc,Scotland,Brechin
Abbey Hey Fc,179,abbey-hey-fc,England,
Anstey Nomads,179,anstey-nomads-football-club-6222d768,England,Anstey
Holt RFC,179,holt-rugby-football-club,England,Holt
Congleton Town,179,congleton-town-football-club,England,Congleton
Bedford Town FC,178,bedford-town-football-club,England,Football Club
Ilkeston Town Football Club,178,ilkeston-town-football-club,England,Ilkeston
Emanuel School,178,emanuel-school,England,London
Marine FC,178,marine-football-club-2,England,Crosby
Cambusdoon FC,177,cambusdoon-fc,Scotland,Ayr
Hambledon Fc,176,hambledon-fc,England,Hambledon
Market Harborough,176,market-harborough,England,
Cringleford JFC,176,cringleford-jfc,England,Cringleford
Clifton Robinsons,175,clifton-robinsons-hockey-club,England,Clifton
Badshot Lea FC,175,mark-broad,England,Farnham
Headingley AFC,175,headingley-afc,England,Headingley
AFC,175,birmingham-united-soccer-association-7,England,Birmingham (assuming)
Badshot Lea FC,175,mark-broad,England,Farnham
Guildfordians RFC,175,guildfordians-rugby-football-club,England,Guildford
Coleraine FC,174,coleraine-cfc,Northern Ireland,Coleraine
Evesham United,174,evesham-united-fc-academy,England,
BWFC Girls FC,174,bolton-wanderers-girls-football-club,England,Bolton
CoachDomeMyVEO,174,ucsc-steel-titans,England,
Lancing College,174,lancing-college,England,College
Culter FC,174,culter-football-club,Scotland,Culter
Gainsborough Trinity FC,174,robert-hughes,England,Gainsborough
Inverurie Locos,174,inverurie-loco-works-fc,Scotland,Inverurie
DRAGO'S FOOTBALL ACADEMY,173,dragos-football-academy,England,
Dauntsey's Sport 1,173,dauntseys-school,England,Dauntsey's
Hertford Town U16 EJA,172,potter-bar-eja-u14,England,Hertford
DTYFC,172,dereham-town-youth-fc,England,
Droitwich Spa Youth FC,172,droitwich-spa-boys-and-girls-fc,England,Droitwich
Kewford United,172,kewford-eagles-6,England,
Blyth Town fc,171,blyth-town-football-club-2,England,Blyth
Ealing Rugby,171,ealing-trailfinders-rfc,England,Ealing
BTFC,170,birtley-town,England,
Crewe Alexandra FC,170,crewe-alexandria-fc,England,Crewe
Bexhill united,169,bexhill-united,England,
Exmouth Town,168,cranbrook-united-fc,England,
Met Police Youth,168,met-police-youth,England,London
East Kilbride Youth Club 2007,167,east-kilbride-football-club-2007-gold,Scotland,East Kilbride
Marlow Hockey Club,167,marlow-hockey-club,England,Marlow
Marlow Hockey Club,167,marlow-hockey-club,England,Marlow
Glens,167,glenrothes-rugby-football-club,Northern Ireland,
Corinthian Football Club,167,corinthian-sports-club,England,
Cheltenham Saracens,166,cheltenham-saracens,England,Cheltenham
Cheltenham Town Women FC,166,cheltenham-town-ladies-fc,England,Cheltenham
Horley Town FC,166,horley-town-fc,England,Horley
Campbell College,166,campbell-college-belfast-football-club,Northern Ireland,Belfast
Ascot Youth,166,windsor-fc,England,Youth team
Brislington Juniors,165,brislington-juniors-12688b9b,England,Brislington
Farnham RUFC,165,farnham-rufc,England,Farnham
Broadford Rovers Football Club,165,broadford-rovers-fc-750d3f73,Scotland,Broadford
Leigh Ramblers Youth FC,165,leigh-ramblers-fc,England,Leigh
Dergview,165,dergview-football-club,Northern Ireland,
Brislington Juniors,165,brislington-juniors-12688b9b,England,Brislington
Bradford (Park Avenue),165,bradford-park-avenue-0d4aa407,England,Bradford
BELSTONE FC,165,aaron-lincoln,England,
DS Edusoccer,164,ds-edusoccer-puerto-rico,England,
Hitchin,164,hitchin,England,Hitchin
Coventry SA Storm,164,coventry-soccer-association-3,England,Coventry
Dunloy FC,164,dunloy-football-club,Northern Ireland,Dunloy
Manchester Futsal Club,164,manchester-futsal-club,England,Manchester
MK Irish,164,milton-keynes-irish-2,England,Milton Keynes
Hitchin,164,hitchin,England,Hitchin
Eastwood CFC,164,eastwood-community-football-club,England,Eastwood
Basford United Football CLub,163,basford-united-football-club-limited,England,
Lancaster City Football Club,163,lancaster-city-first-team,England,Football Club
Coldlands Colts FC,163,coldlands-colts-fc,England,
Hounslow Wolves,163,hounslow-wolves-fc,England,Hounslow
causeway barbarians,163,causeway-barbarians,Northern Ireland,
Auchtermuchty Bellvue Colts,163,auchtermuchty-bellvue-colts,Scotland,Auchtermuchty
Hereford Sixth Form College,162,hereford-sixth-form-college,England,Hereford
Hereford Sixth Form College,162,hereford-sixth-form-college,England,Hereford
Chatham Town FC,162,cliffe-woods-colts-football-club,England,Chatham
FC Bootle,162,redgate-rovers-fc,England,Bootle
Mangotsfield United,162,mangotsfield-united-football-club,England,Mangotsfield
Cramlington United,162,cramlington-united-football-club-3,England,Cramlington
Felixstowe and Walton Utd FC Limited,161,felixstowe-and-walton-united-football-club,England,
Dollar Academy,161,dollar-academy,Scotland,Dollar
Dundee Violet JFC,161,dundee-violet-jfc,Scotland,Dundee
Havant and Waterlooville,160,havant-and-waterlooville-2,England,Havant
Leicester Futsal,160,leicester-futsal-club,England,Leicester
Easington Sports FC,160,easington-sports-fc-3,England,Easington
Eastbourne Town,160,eastbourne-town-fc-3,England,Eastbourne
Kendal,160,kendal,England,
Rugby Academy,160,belfast-met-college-rugby-academy,Northern Ireland,Rugby Academy
Eastbourne Town,160,eastbourne-town-fc-3,England,Eastbourne
Harborough Town FC (Harborough Town Trading Ltd),160,harborough-town-fc-harborough-town-trading-ltd,England,Harborough
Folkestone Invicta FC,160,folkestone-invicta-fc-6907b25f,England,Folkestone
AYLESFORD BULLS RFC,160,aylesford-bulls-rfc,England,Rugby club
Bishop Auckland Rugby Club Ltd,159,bishop-auckland-rugby-club-ltd,England,Bishop Auckland
Ebbsfleet Utd,159,ebbsfleet-utd-a6057fb1,England,
Ebbsfleet Utd,159,ebbsfleet-utd-a6057fb1,England,
Ilford FC,159,ilford-fc-3,England,Ilford
Abingdon United,159,abingdon-united,England,Abingdon
Abingdon United,159,abingdon-united,England,Abingdon
COLBC,158,city-of-leeds-basketball-club,England,League unknown
Leeds United FC,158,leeds-united-fc,England,
Cumnock Juniors,158,cumnock-juniors-football-club,Scotland,Cumnock
Basketball England,158,basketball-2896a4d2,England,
The Burgh,158,ferguslie-star-afc,Scotland,Johnstone
Buckland Athletic FC,157,buckland-athletic-football-club-fb01456f,England,Buckland
Limavady United FC,156,limavady-united-fc,Northern Ireland,Limavady
Glasgow on the Ball,156,glasgow-on-the-ball,Scotland,
Aylesbury Grammar School,156,aylesbury-grammar-school,England,Aylesbury
Maryhill FC,156,maryhill-football-club,Scotland,Glasgow
St. Kevin's,156,castlerea-st-kevins,Scotland,
Totton,156,afc-totton-youth,England,Totton
Didcot RUFC,156,didcot-rugby-union-football-club,England,Didcot
FC Seaton,156,fc-seaton-76c06576,England,
Leam Rangers,156,gateshead-leam-rangers,England,Leam
Manchester Magic,156,manchester-magic-and-mystics,England,Manchester
Cookstown High School,156,cookstown-high-school,Northern Ireland,Cookstown
Chase Side Youth,155,chase-side-youth,England,(More information needed)
Heworth,155,heworth-arlfc,England,Heworth
Buckingham Swans,155,michael-clark,England,Buckingham
Hednesford Town,155,hednesford-town-jds,England,Hednesford
Claires Court Senior Boys,155,claires-court-school,England,League unknown
Hemel FC,154,hemel-hempstead-town-fc,England,Hemel Hempstead
Exeter & District,154,exeter-and-district-basketball-association,England,
Drumchapel united,154,drumchapel-united-9fc5ce86,Scotland,Drumchapel
BISHOPTON RUGBY,154,bishopton-rugby-football-club,Scotland,Bishopton
Chester Le Street Town,154,chester-le-street-town-ladies-football-club,England,Chester-le-Street
High Green villa,153,dsc-elite-football-acedmy,Scotland,High Green
Deighton FC,153,deighton-fc,England,Deighton
Carryduff Colts FC,153,carryduff-colts-fc,Northern Ireland,
Better Football Ltd,153,better-football-ltd,England,
Milton Abbey School,153,milton-abbey-school,England,Dorset
Blackburn Football Club,153,blackburn-football-club,England,Blackburn
DUFC Blue - 2012,152,ayso-united-downey-2012,England,
JMA Reading FC,152,jma-reading-fc,England,Reading
Aston Villa Foundation,152,aston-villa-foundation,England,Birmingham
Lavey,152,erins-own-lavey-gac,Northern Ireland,
Carre's Grammar School,152,carres-grammar-school,England,
Deal,152,deal-town-rangers-36ae712d,England,Deal
Wolves,152,paris-saint-germain-academy-phoenix-3,England,Wolverhampton Wanderers
Chippenham RFC,152,chippenham-rfc,England,Chippenham
MARTINELLI,151,dragon-army-buzz-falcons,England,
Carshalton Boys Sports College,151,carshalton-boys-sports-college-veo,England,
Halesowen JPL,150,halesowen-town-jpl-u16,England,Halesowen
Monkton Combe School,150,monkton-combe-school-6b629f8a,England,Monkton Combe
Arlesey Town,150,arlesey-town-football-club,England,Arlesey
DB,150,dronningborg-boldklub-2,England,
Hall Russell United Football Club,149,hall-russell-united-football-club,Scotland,Aberdeen
Finchley RFC,149,finchley-rugby-club-781ba065,England,Finchley
Barrhead YFC,149,only-sport-ltd,Scotland,
Hillsborough JFC,149,elite-training,England,Hillsborough
Downlands Community School,149,downlands-community-school-96ae9151,England,
Bromley FC Youth SGR,149,bromley-fc-youth,England,Bromley
Letham JFC,149,letham-junior-football-club,Scotland,Letham
Avro Football Club,148,avro-football-club-1,England,Longsight
Barnet FC Academy,148,barnet-football-club-academy,England,
Bo'ness United,148,boness-united-football-club,Scotland,Bo'ness
Derby RFC,148,derby-rugby-football-club,England,Derby
Aston Villa Academy,148,aston-villa-bed66ec3,England,Birmingham
Croydon Cougars,148,croydon-cougars-sports-social-club,England,Croydon
Leeds United WFC,147,leeds-united-women-football-club,England,Women's FC
Kings Ely,147,kings-ely,England,
Harris City Academy Crystal Palace,147,harris-city-academy-crystal-palace,England,Crystal Palace
Hillhead,146,hillhead-hockey-club,Scotland,Hillhead
Eltham College,146,eltham-college,England,Eltham
Merchant Taylors School,145,merchant-taylors-school-947dbee4,England,
Merchant Taylors School,145,merchant-taylors-school-947dbee4,England,
Hockering Football Club,145,hockering-football-club,England,Hockering
Chew Valley RFC,145,chew-valley-rugby-football-club,England,Chew Valley
Hull City Ladies,144,hull-city-ladies,England,Hull
Cockfosters FC,144,cockfosters-fc-2,England,Cockfosters
Boldmere St Mikes,143,boldmere-st-michaels-08fc0297,England,Boldmere
Alfreton Town Tornados,143,alfreton-town-juniors-fc,England,Alfreton
Halesowen Town FC,143,alvechurch-fc-590237fc,England,Halesowen
FC United of Manchester,143,fc-united-of-manchester-4c8a64fb,England,
Basildon Town Youth U17’s,142,basildon-town,England,
THE CO-OPERATIVE ACADEMIES TRUST,142,connellacademyfootball,England,
Laceby FC,142,laceby-fc,England,Laceby
Knaresborough Town,142,knaresborough-town-afc,England,Knaresborough
Alfold,142,alfold-football-club,England,
Hawick Royal Albert,142,kenny-aitchison,Scotland,
Harpenden Reserves/18s,142,harpenden-reserves18s,England,Harpenden
Coalville Town,142,coalville-town-b9346588,England,Coalville
Coalville Town,142,coalville-town-b9346588,England,Coalville
Birkenhead United Associated Football Club,142,birkenhead-united-united-football-club-association,England,Birkenhead
Deal town rangers,141,deal-town-rangers,England,Deal
Consett RFC,141,consett-and-district-rfc,England,Consett
Bishops,141,bishop-rosecrans,England,
Hutton girls fc,141,hutton-girls-football-club,England,Essex (likely)
King’s College Taunton,141,kings-college-taunton,England,Taunton
London Welsh RFC,141,cai-griffiths,England,London
DOrazio,141,dorazio,England,
Mossley Juniors Girls,141,mossley-juniors-fc,England,Mossley
Cheshunt Rugby,141,cheshunt-rugby-club,England,Cheshunt
Fyvie FC,140,fyvie-fc-3,Scotland,Fyvie
Lincoln Rugby,139,lincoln-rugby-football-club,England,Lincoln
Clay Cross Town Fc,139,shirebrook-town-fc,England,Clay Cross
Welwyn Garden City FC,139,max-mitchell,England,Welwyn Garden City
Bishop Burton Sport,139,bishop-burton-sport-academies,England,Bishop Burton
Broadheath Central,139,rovers-central,England,Broadheath
Fairmuir Boys Club,139,fairmuir-boys-club-921f58d1,Scotland,
Batley Boys ARLFC,139,batley-young-peoples-club,England,
Clifton College Rugby,138,clifton-college-rugby,England,Clifton
Musselburgh Windsor Football Club,138,musselburgh-windsor-community-football-club,Scotland,Musselburgh
Bingham Bantams,138,utah-soccer-alliance-5,England,Bingham
Ilminster Town Football Club,138,ilminster-town-football-club,England,Ilminster
All Saints Old Boys FC,138,all-saints-old-boys-fc,England,
Deeping Rangers FC,138,deeping-rangers-fc-a1fa960d,England,Deeping St James
Cheltenham Tigers,138,cheltenham-tigers-rugby-club,England,Cheltenham
Kingshill Ladies FC,138,msporti-football-academy,England,Kings Hill
FC Battersea,138,fc-battersea,England,Battersea
Guildford Sabres Handball Club,137,guildford-sabres-handball-club,England,Guildford
Hull City Football Club 1904,137,hull-city-football-club-ede43512,England,Hull
Faversham Town U14 KYL,137,sittingbourne-fc,England,Faversham
DLFC,137,rhino-m,England,
DTA,137,dta-fortius,England,
Manchester,137,manchester-rugby-club,England,
Bramley Phoenix,137,bramley-phoenix-rugby-football-club,England,Bramley
Medda 06,137,tass-thistle-blue-2006,Scotland,Irvine
Barwell FC,136,barwell-fc,England,
Chadderton FC,136,jamie-clarke,England,Chadderton
Ely Rangers AFC,136,ely-rangers-afc,England,Ely
Don Sheldon,136,don-sheldon-demo-4,England,
Ards Rangers,136,ards-rangers-football-club,Northern Ireland,Ards
Solihull Academy blue,136,lambros,England,
Bournemouth Electric u14’s,136,bransgore-youth-football-club,England,Bournemouth
Leamington Lions Girls FC,135,leamington-lions-girls-fc,England,Girls FC
Cuffley FC,135,cuffley-football-club,England,Cuffley
Bridport Rugby,135,bridport-rugby-football-club,England,Bridport
Hartlepool Sixth Form,135,hartlepool-sixth-form,England,Hartlepool
Aldershot Town Football Club,135,aldershot-town-football-club-4,England,Aldershot
East Kilbride YM FC,135,east-kilbride-ym-fc,Scotland,East Kilbride
AFC Corsham,135,afc-corsham,England,Corsham
Boroughmuir Rugby,135,boroughmuir-rugby-and-community-sports-club,Scotland,Edinburgh
Calne,135,fc-calne-a54a8d8d,England,Calne
Largs Thistle F.C.,135,largs-thistle-football-club,Scotland,
Billingham Town AFC,135,billingham-town-afc,England,AFC
Claremont Fan Court School,134,claremont-fan-court-school,England,League unknown
Beaumont park panthers,134,beaumont-park,England,
Leamington Brakes FC,133,leamington-brakes-fc,England,
Alvechurch FC,133,alvechurch-foundation-fc,England,Alvechurch
Arsenal,133,arizona-arsenal,England,London
CCWGFC,133,coventry-city-girls-fc-u15,England,Coventry
Arsenal,133,arizona-arsenal,England,London
Arsenal,133,arizona-arsenal,England,London
Musgrave Mustangs VEO2,133,musgrave-mustangs,Northern Ireland,Musgrave
Elburton Villa,133,elburton-villa-football-club-3,England,Elburton
Ashton United,133,ashton-united,England,
Ashton United,133,ashton-united,England,
Cambridge Football,132,cambridge-football-club-inc,England,Cambridge
Cambridge Football,132,cambridge-football-club-inc,England,Cambridge
Hampton School,132,hampton-school,England,Hampton
Lichfield City FC,132,lichfield-city-fc,England,Lichfield
Bromley FC Under 14s,132,bromley-football-club-db308111,England,Bromley
Hamilton Bridge FC,132,christopher,Scotland,Hamilton
Bishopton academy,132,bishopton-girls-academy,Scotland,Bishopton
Dorset Storm,132,dorset-storm,England,Dorset
Larne FC,131,ballymoney-u15-girls,Northern Ireland,
Garioch RFC,131,garioch-rfc,Scotland,Inverurie
Cheshire Bears,131,cheshire-bears-womens-american-football-team,England,Cheshire
Fivemiletown Utd,131,fivemiletown-united-football-club,Northern Ireland,Fivemiletown
Larne FC,131,ballymoney-u15-girls,Northern Ireland,
Kinloss Eagles,130,kinloss-eagles-rfc,Scotland,Kinloss
Gleniffer Thistle,130,gleniffer-thistle-a026d32e,Scotland,
Gleniffer Thistle,130,gleniffer-thistle-a026d32e,Scotland,
Gleniffer Thistle,130,gleniffer-thistle-a026d32e,Scotland,
Coalville Town Youth FC,130,coalville-town-youth-ladies-fc,England,Coalville
Alton FC,130,alton-football-club-b5b91513,England,Alton
Leeds Cork,130,leeds-afc-cork,England,
Badshot Lea Football Club,130,ross-magee,England,Farnham
Mk city,130,milton-keynes-city,England,Milton Keynes
Charlton Athletic FC Academy,130,charlton-athletic-fc-academy,England,London (Charlton)
Cheam H.C,129,cheam-hockey-club,England,Cheam
Dragons football academy 2,129,new-club,England,
Bedford School,129,bedford-school-2,England,School
Crewe & Nantwich RUFC,129,crewe-and-nantwich-rugby-union-football-club,England,Crewe
East Stirlingshire Galaxy Football Club,129,es-galaxy-football-club,Scotland,
Mersea Rugby,128,mersea-island-rugby-football-club,England,Mersea Island
Harryville Homers FC,128,harryville-homers-fc-2,Northern Ireland,Harryville
Caldy Rugby Club,128,62755244,England,Caldy
Chess Valley,128,chess-valley-rfc-6ae0bd05,England,Chess Valley
Holsworthy AFC,128,holsworthy-afc,England,Holsworthy
Dundee West,128,dundee-west-football-club-3,Scotland,Dundee
Hythe and Dibden,127,hythe-and-dibden,England,Hampshire (likely)
Hillingdon Borough,127,hertfordshire-regional-talent-centre,England,Hillingdon
Heathfield & Waldron RFC,127,heathfield-waldron-rfc,England,Heathfield
Burscough FC,127,ormskirk-fc,England,Burscough
Chesham Stags,127,chesham-rugby-union-football-club,England,Chesham
Dungannon Thomas Clarkes,127,dungannon-thomas-clarkes,Northern Ireland,Dungannon
Faversham Town FC Youth,127,sittingbourne-fc-193e8257,England,Faversham
Essex Professional Coaching,127,essex-professional-coaching,England,
Brantham,127,brantham-athletic-fc,England,Brantham
Barking EJA/ JPL,126,top-tekkers-football-club,England,
Borehamwood 2000 FC,126,borehamwood-2000-fc,England,Borehamwood
Lurgan Town,126,peter-haire,Northern Ireland,Lurgan
Bristol Eagles,125,bristol-eagles,England,Bristol
ACS Cobham International School,125,acs-cobham-international-school,England,Cobham
Chiltern United,124,escolla-girls,England,Chiltern Hills
Carshalton Athletic FC,124,carshalton-athletic-fc,England,
Milngavie 2011,124,milngavie-football-club,Scotland,Milngavie
Charterhouse School,124,charterhouse-football,England,Godalming
Millwall FC,124,millwall-fc-3450a44d,England,London
Haringey Borough,124,haringey-borough-fc,England,London
Banks o’ Dee,124,banks-o-dee-football-club,Scotland,Aberdeen
holyport fc,124,holyportfc,England,Holyport
BHASVIC Academy / DS,123,saltdean-united-women-fc,England,Academy
Fleetdown United Football Club,123,fleetdown-united-football-club,England,Fleetdown
Darvel FC 2007's,123,troon-thistle-2007s,Scotland,Darvel
Castle Combe Colts,123,castle-combe-colts-fc,England,
Amersham Town AFC,123,amersham-tfc,England,Amersham
Erith Town FC,123,erith-town-fc,England,
Downham Town FC,123,downham-town,England,Downham
Campion fc,123,campion-fc,England,(needs more info)
Bisham FC,123,bisham-fc,England,Bisham
Chesham United Youth FC,123,chesham-united-youth-fc,England,Chesham
Aylesbury United,123,aylesbury-united-football-club,England,Aylesbury
Chesterfield Panthers,123,chesterfield-panthers,England,Chesterfield
Bromsgrove Sporting,123,bromsgrove-sporting-fc,England,Bromsgrove
Erith and Belvedere FC,122,erith-and-belvedere-fc,England,
Langley Park Boys,122,langley-park-school-for-boys-fe8297f2,England,
Eynesbury Rovers,122,eynesbury-rovers-84b91f92,England,
Chester Rugby Club,122,chester-rufc,England,Chester
Chichester College Sport Hub,122,chichester-college,England,Chichester
Lakenheath FC,122,lakenheath-fc,England,
Mimmo4,122,domenico-criscito,England,
Blackburn United,122,blackburn-united-community-sports-club,England,Blackburn
Leek Town FC,122,leek-town-football-club-ltd,England,
Harpenden Town Football Club,122,harpenden-colts-football-club,England,Harpenden
Basingstoke School Of Development Centre Youth FC,121,basingstoke-school-of-development-centre-youth-fc,England,
Beacon Church FC,121,beacon-church-fc,England,
Brewood JFC,121,brewood-juniors-football-club,England,Brewood
Farnham Town Hawks,121,farnham-united-football-club,England,Farnham
Manchester City in the Community,121,manchester-city-in-the-community,England,Manchester
Dnamo Claudio,121,dnamo-f4da014e,England,
Bishops Cleeve,121,bishops-cleeve-football-club,England,Bishops Cleeve
Balcombe,121,haywards-heath-town-fc,England,Balcombe
Mills,121,drumaness-mills,England,
Clayesmore,121,clayesmore,England,League unknown
Kilsyth Athletic,121,kilsyth-athletic-fc,Scotland,Kilsyth
Bradford United,120,bradford-united,England,Bradford
Durham FC,120,durham-corinthians-fc,England,Durham
Merseyside Blind & V.I FC,120,merseyside-blind-visually-impaired-football-club,England,
Bury Town FC,120,bury-town-fc-2,England,Bury St Edmunds
Ashbourne Utd,120,ashbourne-united-afc,England,
Mount Kelly Sport,120,mount-kelly-sport,England,Mount Kelly College
Leeds City Fc,120,leeds-city-fc,England,
Bury Town FC,120,bury-town-fc-2,England,Bury St Edmunds
Cullompton Rugby Club,120,cullompton-rugby-football-club,England,Cullompton
Mill Hill School,120,mill-hill-school-1f0f8822,England,Mill Hill
Irish FA,120,irish-fa,Northern Ireland,Irish Football Association
Irish FA,120,irish-fa,Northern Ireland,Irish Football Association
Dundee United,120,dundee-united-womens-football-club,Scotland,Dundee
Mersey Mavericks Basketball Club,119,mersey-mavericks-basketball-club,England,
Betteshanger,119,betteshanger-welfare-fc,England,
Kimbolton Sport,119,kimbolton-school,England,Kimbolton
MVFF Oldbury,119,mvff-oldbury,England,Oldbury
Andover New Street U/16’s Girls,119,andover-new-street-youth,England,Andover
Hadleigh Youth FC,119,hadleigh-youth-fc,England,Hadleigh
Downsend School,119,downsend-school,England,
Hanley Town FC,119,hanley-town-football-club,England,Hanley
Moffat Rams,119,moffat-rugby-club,Scotland,Moffat
Dilkey Celtic,119,dilkey-jansen-celtic,England,
Donny,119,doncaster-hockey-club-7f8ca0dc,England,Doncaster
Clapton CFC,119,clapton-cfc,England,Clapton
Biggar RFC,118,biggar-rugby-football-club,Scotland,RFC
Chesterton Eagles FC,118,chesterton-eagles-football-club,England,Chesterton
Clitheroe Rugby Club,118,clitheroe-rugby-union-football-club-3,England,Clitheroe
Moyola Park FC,118,moyola-park-afc-2c06b00e,Northern Ireland,Castledawson
Denstone College,118,denstone-college-3,England,
AFC Mackworth,118,afc-mackworth,England,Mackworth
Hills Road,118,hills-road-vi-form-college,England,Cambridge
Horsley FC,117,horsley-football-club-3,England,Surrey (likely)
Cliftonville,117,cliftonville-fc-5,Northern Ireland,Belfast
Downtown,117,downtown-soccer-academy,England,
Colchester Villa Youth Football Club,117,colchester-villa-youth-football-club-2,England,Colchester
Kendal RUFC,117,kendal-rufc,England,
Bury,117,bury-rangers-e101ad9a,England,Bury
Exmouth Rugby Club,117,exmouth-rugby-football-club,England,
FC Stratford,117,shottery-united,England,
CHESHUNT FC u13's JPL,117,cheshunt-football-club-u18s,England,Cheshunt
Bonnyrigg Rose Community Football Club,117,bonnyrigg-rose-community-football-club,Scotland,Bonnyrigg
Clanfield,116,clanfield,England,League unknown
Atherton Laburnum Rovers,116,atherton-laburnum-rover,England,Atherton
Chorley Women,116,chorley-women-football-club,England,Chorley
Bolton Wanderers,116,bolton-wanderers-17,England,Bolton
Bolton Wanderers,116,bolton-wanderers-17,England,Bolton
Alton RFC,116,alton-rugby-football-club,England,Alton
Clanfield,116,clanfield,England,League unknown
Henley Rugby Club,116,henley-hawks-rugby-football-club,England,Henley-on-Thames
East Kilbride Rugby Club,116,east-kilbride-rugby-club,Scotland,East Kilbride
GURFC,116,georgetown-rugby-football-club,Scotland,
Downton Football Club,115,downton-football-club,England,Downton
Cadley Reds,115,cadley-football-club,England,(needs more info)
St Luke’s,115,alex-evans,England,
Collyhurst Blues,115,collyhurst-youth-blues,England,Collyhurst
Atherton Collieries,115,atherton-collieries-dff89770,England,Atherton
AFC Telford Utd  - Ladies,115,afc-telford-united-u18,England,Telford
Barton Rovers,115,potton-united-r,England,
Cookley Warriors,115,kidderminster-athletic-warriors,England,Cookley
Cookley Football Club,115,cookley-football-club-033b1bad,England,Cookley
Elite London Academy,115,elite-london-academy-3,England,London
Eldon Celtic,114,eldon-celtic-junior-football-club-3,England,Eldon
Dundee North End FC,114,dundee-north-end-fc,Scotland,Dundee
Enville Afc,114,afc-gornal-east,England,
Harleston Town,114,harleston-town-fc,England,Harleston
Bromley korfball club,114,bromley-korfball-club,England,Bromley
Blidworth Welfare FC,114,blidworth-welfare-football-club,England,Blidworth
Mellish RFC,114,mellish-rfc-10e5a806,England,Mellish
Johnstone Burgh,113,johnstone-burgh-2009,Scotland,Johnstone
Dawlish United,113,dawlish-united-245a9d9e,England,Dawlish
Chesterfield FC Academy,113,chesterfield-football-club-4b08e284,England,Chesterfield
Latchford Giants,113,latchford-giants-arlfc,England,
belswans,113,belmont-swansea-untied-fc,England,
Dartford,113,dartford-women-fc,England,Dartford
Monksbrook Utd FC U11,113,sholing-fc-youth,England,Monksbrook
Ederney St Josephs,113,ederney-st-josephs-gaelic-athletic-club,Northern Ireland,Ederney
Ivybridge Community College,112,ivybridge-community-college,England,Ivybridge
Cronton College,112,cronton-sixth-form-college,England,Widnes
Cleethorpes Town FC,112,cleethorpes-town-football-club,England,Cleethorpes
Cleeve School,112,cleeve-school,England,League unknown
Hamworthy Utd,112,hamworthy-utd,England,Hamworthy
Carmel College Sport,112,carmel-college,England,
Concord Rangers,112,concord-rangers,England,Concord
Haringey Girls Academy,112,haringey-girls-academy,England,London
Chesham United Ladies,112,chesham-united-ladies,England,Chesham
Concord Rangers,112,concord-rangers,England,Concord
Hampton School Football,112,hampton-school-football,England,Hampton
Hamworthy Utd,112,hamworthy-utd,England,Hamworthy
FC Abbey Meads,112,fc-abbey-meads-youth,England,
Cray Valley,112,cray-valley-paper-mills-football-club,England,Crayford
Lathallan School,111,lathallan-school,Scotland,
HERSHAM FC,111,hersham-football-club-2,England,Hersham
Ledbury RFC,111,ledbury-rugby-football-club,England,Rugby Football Club
City of Edinburgh Basketball,111,city-of-edinburgh-basketball-d8912ab1,Scotland,Edinburgh
Dundee East Hub,111,broughty-athletic,Scotland,Dundee
Kewford,111,kewford-eagles-fc-2,England,
Ashford HC,111,ashford-middlesex-hockey-club,England,
Downs,111,downs,England,
Dunfermline Reign,111,dunfermline-reign-basketball-club,Scotland,Dunfermline
Barnes HC,110,barnes-hockey-club,England,
Haverhill Borough FC,110,footij,England,Haverhill
Brigg Town FC,110,briggs-town-fc,England,Brigg
Allscott Heath FC,110,allscott-heath-fc-46eac5e9,England,Telford
Kettering Buccleuch Academy School,110,kettering-buccleuch-academy,England,
Bredagh GAC,110,breadagh-gac,Northern Ireland,Bredagh
Ibstock Place School,110,ibstock-place-school,England,London (likely)
Medway RFC,110,medway-rugby-football-club,England,Medway
Hawley Football Club,109,hawley-football-club-a0419316,England,Hawley
Glenalmond,109,glenalmond-college,Scotland,
Cheltenham North Rugby Football Club (CNRFC),109,cheltenham-north-rugby-football-club-cnrfc,England,Cheltenham
Hartlepool United,109,hartlepool-united-68aae767,England,Hartlepool
Kidsgrove Athletic/ DNA Academy,109,kidsgrove-athletic-u10-blue,England,Kidsgrove
Burnt Ash (Bexley) Hockey Club,109,burnt-ash-bexley-hockey-club,England,Bexley
Croft JFC,109,croft-juniors-football-club,England,Croft
Leicester Forest RFC,109,leicester-forest-rfc-28785402,England,Leicester
Murieston United FC,108,murieston-united-football-club,Scotland,Murieston
AFC Totton,108,afc-totton-6,England,Totton
AFC Totton,108,afc-totton-6,England,Totton
Knightswood Football Club 2009s,108,knightswood-football-club-2009s,Scotland,Glasgow
Coventry SA,108,coventry-sa,England,Coventry
Addlestone F.C,108,lyne-football-club,England,Addlestone
Gainsborough Rugby Club,108,gainsborough-rugby-club,England,Gainsborough
Clach,108,clachnacuddin-football-club,Scotland,League unknown
AFC Totton,108,afc-totton-6,England,Totton
Humberston Hawks U10,107,humberston-hawks-u10,England,Humberston
Leeds PFC,107,leeds-powerchair-fc,England,
Holytown,107,holytown-colts-d0e7180f,Scotland,Holytown
Cregagh Wanderers F.C.,107,cregagh-wanderers-football-club,Northern Ireland,Belfast
Cropredy,107,cropredy-football-club,England,Cropredy
Bablake,107,bablake-school,England,Coventry
DSFC Inactive 1,107,dungannon-swifts-football-club,England,
Ashford Town (Middlesex),107,queens-park-rangers-fc-women,England,Middlesex
Aldwinians RUFC,107,aldwinians-rufc,England,
Bowdon,107,bowdon-rugby-club,England,Bowdon
Lickhill Colt's,106,lickhill-colts,England,
King Edward's School,106,king-edwards-school,England,
Daventry Town,106,daventry-town-c9e69e75,England,Daventry
Birkenhead Park,106,birkenhead-park-rfc,England,Birkenhead
Daventry Town,106,daventry-town-c9e69e75,England,Daventry
Ampthill town fc,106,ampthill-town-football-club,England,Ampthill
Colney Heath Youth EJA,106,colneyheathyoutheja,England,Colney Heath
Exeter College,106,exeter-college-rugby-academy,England,
Dorset FA,106,dorset-football-association,England,Dorset
Sherwood colliery,106,michael-smedley,England,Sherwood
Ealing HC,106,ealing-hockey-club,England,Ealing
Codsall Community High School Football Academy,106,codsall-community-high-school-football-academy,England,Codsall
Guisborough RUFC,105,guisborough-rugby-union-football-club,England,Guisborough
Bowdon Hockey Club,105,bowdon-hockey-club,England,Bowdon
The Glens,105,glenrothes-3,Northern Ireland,
Manchester United Academy,105,man-u-academy,England,Manchester
Cambridge City Hockey Club,105,cambridge-city-hockey-club,England,Cambridge
Lesmahagow afc,105,lesmahagow-afc,Scotland,
Manchester United Academy,105,man-u-academy,England,Manchester
@MotherwellWomen,105,motherwell-women-fc,Scotland,Motherwell
Leigh Ramblers,105,leigh-ramblers-fc-2,England,Leigh
Cranfield Pavilion,105,bedfordshire-fa-cranfield-pavilion,England,Cranfield
Dream Cam 15,105,blue-orange-january-2025,England,
Maldon & Tiptree YFC,105,maldon-tiptree-yfc,England,Maldon
Hashtag United,105,hashtag-united-b5f1182f,England,
Flackwell Heath FC,105,flackwell-heath-football-club,England,High Wycombe
Cambridge City EJA 13’s,104,cambridge-city-football-club,England,Cambridge
Kings Langley FC,104,kings-langley-fc-467abe5b,England,Kings Langley
Leeds Modernians,104,yorkshire-amateur,England,
Drayton Grange,104,drayton-grange-a488041d,England,
Hartlepool Rugby Club,104,hartlepool-rugby-football-club,England,Hartlepool
Buntingford Town FC,104,buntingford-town-fc,England,Buntingford
Birds Of Prey,104,birds-of-prey-82ca8629,England,
Handsworth,104,handsworth-rugby-union-football-club,England,
Matlock Town FC - Development,104,chesterfield-football-club,England,Matlock
Coleraine FC Youths,104,coleraine-fc,Northern Ireland,Coleraine
Bishopton Football Club,104,bishopton-football-club-9972f591,Scotland,Bishopton
Kingston Grammar School Hockey,104,kingston-grammar-school-hockey,England,Kingston upon Thames
Glossop North End,104,glossop-north-end-afc,England,
Exeter College Sport and Physical Education,104,exeter-college-sport-leisure-and-tourism,England,
England IWFF,104,ian-furlong,England,Information needed
Howden Rosslyn Park National School Sevens,103,rosslyn-park-sevens-2024,England,Howden
DHWFC - Pink & Blues,103,dulwich-hamlet-football-club,England,
Enfield Football Club,103,enfield-football-club-3,England,Enfield
Mickleover Football Club Juniors,103,south-normanton-athletic-football-club-2,England,Mickleover
Enfield,103,london-colney-colts-blues,England,Enfield
East Preston FC,103,east-preston-fc,England,East Preston
Hull United JPL,103,mark-dunn,England,Hull
Chadwell Heath Academy,103,chadwell-heath-academy-73a61cfc,England,Chadwell Heath
Clifton College - Hockey,103,clifton-college,England,Clifton
Colchester Rugby Football Club,102,colchester-rugby-football-club-2e975532,England,Colchester
FC Brighton,102,fc-brighton,England,Brighton
Faughanvale,102,faughanvale-gac,Northern Ireland,Faughanvale
Bournemouth Sports Ladies,102,bournemouth-sports-ladies,England,Bournemouth
Havant RFC,102,havant-rugby-football-club,England,Havant
Chalfont St Peter AFC,102,chalfont-saint-peter-afc,England,Chalfont St Peter
Coundon Court,102,coundon-court-fc,England,
Herongate Athletic FC,102,herongate-athletic-fc,England,Herongate
Halliford School,101,halliford-school,England,
The Hammers,101,cradley-town-football-social-club,England,
Hemsworth vipers,101,hemsworth-miners-welfare,England,Hemsworth
Newcastle elite,101,louis-storey,England,Newcastle
Academy Soccer Rawreth FC,101,academy-soccer-rawreth-fc,England,Rawreth
Chelsea,101,girls-2008,England,
Millom AFC,101,millom-afc,England,Millom
Hutchie Vale 2010’s,101,hutchison-vale-community-football-club-2010s,Scotland,Glasgow (likely)
FC Antrim,101,fc-antrim,Northern Ireland,Antrim
Clough Rangers Football Club,101,clough-rangers-football-club,England,Clough
Hayes Boys Soccer,101,delaware-hayes-boys-soccer,England,Hayes
Emerson Valley FC,100,emerson-valley-football-club,England,
Minch RFC,100,minchinhampton-rugby-football-club,Scotland,Minch
Fylde Coast,100,fylde-coast-soccer,England,Fylde Coast
Birkenhead School,100,birkenhead-school,England,Birkenhead
Lane head fc,100,lane-head-football-club,England,
Hove Park Colts FC,100,hove-park-colts-fc,England,Hove
Castle Juniors F.C.,100,castle-juniors-fc,England,
Manor Farm,100,bristol-manor-farm,England,
