Club Name,Recordings,Club Identifier,Country,Additional Info
Gloucester City,49,gloucester-city-dec33ac5,England,
Maldon,49,maldon-rfc,England,
Eagles,49,crystal-palace-football-club-women,England,London
Aveley u13 EJA,49,aveley-u13-eja,England,U13 EJA team
Croydon Athletic,49,afc-croydon-athletic-3,England,Croydon
Harrogate Grammar School.,49,harrogate-grammar-school,England,Harrogate
Colts JPL u12,49,halesowen-town-colts-jpl-u12,England,Halesowen
Ascot hockey,49,ascot-arana-hockey-club,England,
Mossley Hockey Club,49,mossley-hockey-club,England,Mossley
Ewell Castle School,49,ewell-castle-school,England,
Deal & Betteshanger Rugby club,49,deal-betteshanger-walmer-rugby-club,England,Deal
Malvern RFC,49,malvern-rugby-football-club,England,Malvern
Gloucester City,49,gloucester-city-dec33ac5,England,
Carshalton Athletic Whites U11,49,carshalton-athletic-whites-u9,England,
Alnwick RFC,49,alnwick-rfc,England,Alnwick
Falkirk RFC,49,falkirk-rugby-football-and-sports-club-scio,Scotland,Falkirk
Ben Rhydding Sports Club LTD,49,ben-rhydding-sports-club-ltd,England,Sports Club
Claverdon RFC,49,claverdon-rugby-football-club,England,Claverdon
Dumfries Saints,49,dumfries-saints-rugby-football-club,Scotland,Dumfries
Blackpool FC Ladies,49,blackpool-fc-girls-and-ladies,England,Blackpool
Cambuslang Rugby Club,49,cambuslang-rugby-club,Scotland,Cambuslang
Carnegie,48,dunfermline-carnegie-hockey-club,Scotland,
Breadalbane Community Club,48,breadalbane-strathtay-youth-football-club,Scotland,Aberfeldy
AFC Welwyn,48,afcwelwyn,England,Welwyn Garden City
COBHC,48,city-of-bath-hockey-club,England,City of Bath Hockey Club (assumed)
Athletic Newham FC,48,athletic-newham-fc,England,Newham
Alton United,48,alton-united,England,Alton
Dromore Ladies,48,dromore-ladies-gfc,Northern Ireland,Dromore
Farmors School/Fairford RFC,48,farmors-schoolfairford-rfc,England,Fairford
Milford on Sea YFC,48,milford-on-sea-youth,England,Milford on Sea
King Ecgbert School,48,king-ecgbert-school,England,
Eckington,48,eckington-boys-6,England,Eckington
Harlaquins RFC,48,dallas-harlaquins-rugby-football-club,England,
Leeds Huaren,48,leeds-huaren-32a9f9b2,England,
Ashton & Backwell United Football Club,48,ashton-backwell-united-football-club,England,
Knightswood 2011 FC,48,knightswood-2011-fc,Scotland,Glasgow
Kingdown,48,kingdown,England,
Barnet Deaf FC,48,st-albans-city-deaf-football-club,England,
Droylsden FC,48,droylsden-fc,England,Droylsden
East Hull,48,east-hull-rugby-league-club,England,Hull
Hoddesdon Town Youth U11 Whites,48,hoddesdon-town-youth-u10-blacks,England,Hoddesdon
Kidsgrove Athletic FC,47,kidsgrove-athletic-fc,England,Kidsgrove
Manchester City 2023 Abu Dhabi Cup,47,manchester-city-abu-dhabi-cup,England,Manchester
Ship builders,47,dundee-fc,Scotland,Dundee
Beacon Hill Rovers Football Club,47,beaconhillroversfootballclub,England,
Killamarsh Dynamos,47,killamarsh-dynamos-f74e02bb,England,Killamarsh
Elland,47,elland-rlfc,England,Elland
Buckingham RUFC Juniors,47,buckingham-rufc-juniors,England,Buckingham
Broomfield Football Club,47,broomfield-football-club-09c0d38b,England,Broomfield
DREAM,47,dream-football-club,England,
AFC Dronfield Junior Football Club,47,afc-dronfield-junior-football-club,England,Dronfield
Edgware Town,47,excel-sport-etfc-1st-team,England,
DRP,47,drumcliffe-rosses-point-gaa-3d087f00,England,
Kinross Colts,47,kinross-colts-afc,Scotland,Kinross
Moordown cherries,47,moordown-southbourne-cherries,England,Moordown
Morpeth Rugby Club,47,morpeth-rugby-football-club-c082d64b,England,Morpeth
The Rovers,47,clapham-rovers-fc,England,Clapham
Dollingstown fc,47,annagh-united-football-club,Northern Ireland,Dollingstown
Hythe and Dibden YFC,47,hythe-and-dibden-yfc-f6bb6ff6,England,Hampshire (likely)
Darlington 2007 Boys,47,darlington-soccer-club,England,Darlington
Maghery Sean Mc Dermotts,47,maghery-sean-mc-dermotts,Northern Ireland,
Bengeo Tigers,47,bengeo-tigers-football-club-4996d3d9,England,Tigers
Kilmarnock football club,47,kilmarnock-football-club-cbf52c39,Scotland,Kilmarnock
Boldmere Falcons,47,boldmere-falcons-2519cfd6,England,Boldmere
Cambridge Pythons,47,cambridge-university-pythons-american-football-clu,England,Cambridge
Drumquin GFC,47,drumquin-gfc,Northern Ireland,Drumquin
Ballinamallard FC,47,ballinamallard-football-club,Northern Ireland,Ballinamallard
Commentry Football Club,47,commentry-football-club,England,Commentry
Bengeo Tigers,47,bengeo-tigers-football-club-4996d3d9,England,Tigers
City of Stoke-on-Trent Sixth Form College,47,city-of-stoke-on-trent-sixth-form-college-14a36abb,England,Stoke-on-Trent
Chelsea FC,46,chelsea-football-club-b5104fc7,England,London
Cranleigh RFC,46,cranleigh-rugby-football-club,England,Cranleigh
Ely Tigers,46,ely-tigers-rugby-football-club,England,Ely
Hullbridge,46,hullbridge-fc,England,Essex (likely)
AFC Liverpool,46,afc-liverpool-ec441cde,England,Liverpool
AFC Liverpool,46,afc-liverpool-ec441cde,England,Liverpool
Duki Boys Fc,46,duki-boys-fc,England,
Atherton Colls Youth,46,lancashire-academy-fc,England,Atherton
Hilton Harriers,46,hilton-harriers-fc,England,Hilton
Clapton FC,46,clapton-football-club,England,Clapton
Clapton CFC Youth,46,clapton-community-youth,England,Clapton
Hay Magpies Rugby League Football Club,46,hay-magpies-rugby-league-football-club,England,Hay
Actonians LFC - Seniors,46,actonians-lfc-3,England,Acton
Ketton Sports - Rupert Thorp,46,21857978138513,England,
Devenish,46,devenish-st-marys-gaa,Northern Ireland,
Ampthill Rugby U16,46,ampthill-community-rugby-club,England,Ampthill
Crusaders,46,crusaders-36c28686,Northern Ireland,Belfast
Bottesford FC,46,bottesford-football-club,England,Bottesford
Belgrave RFC,46,belgrave-rugby-club,England,Rugby Football Club
Cradley Town DC,46,cradley-town-dc-774c4e7d,England,Cradley
Dunipace FC Youth,46,dunipace-fc-youth,Scotland,Dunipace
Bury RUFC,46,bury-rugby-football-club,England,Bury St Edmunds
Dorking Wanderers Youth FC,46,dorking-wanderers-youth-fc,England,Dorking
DCWFC,46,tamworth-football-club-3,England,Derby
Crusaders,46,crusaders-36c28686,Northern Ireland,Belfast
Crusaders,46,crusaders-36c28686,Northern Ireland,Belfast
Crusaders,46,crusaders-36c28686,Northern Ireland,Belfast
Mill Hill Juniors Football Club,46,mill-hill-juniors-football-club,England,Mill Hill
Aldershot & Fleet Rugby Club,46,gary-male,England,Aldershot
DMI,46,doellefjelde-musse-if,England,
Hampshire,46,hampshire-regional-high-school,England,
Independent Schools FA,45,independent-schools-fa,England,England (National governing body)
Aireborough RUFC,45,aireborough-rugby-union-football-club,England,Guiseley
Margate Youth FC,45,margate-youth-fc,England,Margate
Chelmsford Hotel,45,kurri-kurri-minor-league,England,Chelmsford
Max Edwards - Bath,45,bath,England,Bath
Barrow,45,barrow-town-football-club-34926a3e,England,
Hutton FC,45,hutton-fc-5287cb3a,England,Essex (likely)
Blackburn Community,45,blackburn-community-sports-club-inc-lammack-junior,England,Blackburn
Broadstreet RFC,45,broadstreet-rugby-club,England,
Dyce,45,dyce-juniors-football-club,Scotland,Dyce
Alcester Town Juniors u11,45,alcester-town-juniors-u11,England,Alcester
Barford,45,barford-tigers-hc,England,
Cheltenham Neptunes C/O Benjamin Newham,45,cheltenham-neptunes,England,Cheltenham
Hutton FC,45,hutton-fc-5287cb3a,England,Essex (likely)
Danson Sports FC,45,jamie-hawkins,England,Danson
Bemerton Heath Harlequins FC,45,bemerton-heath-harlequins-fc-4e0be970,England,Harlequins FC
Holland Sports FC U18,45,rawskils-u15,England,
Longstone,45,an-cloch-fhada,England,Longstone
Leighton Town FC,45,leighton-town-fc,England,Leighton Buzzard
Cuxton 91 youth,45,rochester-united-youth,England,Cuxton
Bishops Lydeard AFC Ladies,45,bishops-lydeard-afc,England,Bishops Lydeard
Beragh Red Knights,45,beragh-red-knights-3a413f7a,Northern Ireland,Red Knights
Faringdon Rugby Club,45,darren-clark,England,Faringdon
Alton Youth,45,alton-football-club-youth-team-71efd0ca,England,Alton
Duran Cornelius,45,duran-cornelius,England,
Brandon Town FC,44,lakenheath-football-club-reserves,England,Brandon
Atherton laburnum rovers,44,atherton-laburnum-rovers-326695bc,England,Atherton
Clogher GAC,44,clogher-eire-og-gac,Northern Ireland,Clogher
Coleraine Grammar School,44,coleraine-grammar-school-dd402d3f,Northern Ireland,Coleraine
Bo’ness Athletic,44,boness-athletic-3f9e6eff,Scotland,Bo'ness
Bradford College,44,bradford-college-fc,England,Bradford
Atherton LR,44,atherton-laburnum-rovers-7356626d,England,Atherton
Dunno,44,dunnington-fc,England,
March Bears RUFC,44,march-bears-rufc,England,March
Chertsey Town Fc,44,chertsey-town-fc,England,Chertsey
Devonport High School For Boys,44,devonport-high-school-for-boys,England,Devonport
Draft Pick Video,44,draft-pick-video-llc,England,
Bedford Academy Football,44,bedford-academy,England,Academy Football
Blue Coat,44,blue-coat-school-e4ab30e4,England,
Burnage,44,burnage-rugby-club,England,
Bream RFC,44,bream-rfc,England,Bream
Annan Rugby,44,annan-rugby,Scotland,Annan
Hertford Town,44,hertford-town-b65468cb,England,Hertford
Sporting Club Grimsby,44,discoveries-inventors,England,Grimsby
Chasetown Youth,44,chasetown-youth-fc-ed608199,England,Chasetown
Camden Town WFC,44,camden-town-wfc-b0e51bbd,England,Camden
Canterbury Academy,43,amy-brabon,England,Canterbury
Guildford City,43,guildford-city,England,Guildford
Kidsgrove Athletic JPL,43,kidsgrove-athletic-fc-e5706a94,England,Kidsgrove
Kempston Pumas and Bedford Park Rangers,43,southby-roofing-ltd,England,
East Kilbride Rugby Academy,43,east-kilbride-rugby-academy,Scotland,East Kilbride
Cokethorpe School,43,cokethorpe-school-404c5be7,England,Cokethorpe
Birkmyre Rugby Club,43,jamie-4cd03d34,Scotland,
Birkenshaw,43,birkenshaw-bluedogs,England,
Bryansburn,43,bryansburn-rangers-fc-18e0327f,Northern Ireland,Bryansburn
Ebbsfleet U13,43,ebbfleet-u12,England,
U14IP BMFA,43,bmfa,England,
Mayobridge GAC,43,mayobridge-gac-e771297d,Northern Ireland,Mayobridge
Christchurch Saxons RFC,43,christchurch-rfc,England,Christchurch
DUO BASKETBALL CLUB,43,duo-basketball-club,England,
Alvis Juniors,43,alvis-juniors,England,
DSMFL,43,dsmfl,England,
DS,43,ds-2,England,
Dream Cam 16,43,blue-orange-feb-2025,England,
Knockbreda FC,43,knockbreda-fc-db911703,Northern Ireland,Belfast
Guildford,43,guildford-rugby-club-2,England,
Allerton FC,43,allerton-fc-158fe332,England,
Alvis Juniors,43,alvis-juniors,England,
DOUKAS FUTSAL,43,doukas,England,
Fleetwood Town,43,fleetwood-town,England,Fleetwood
DS,43,ds-2,England,
Largs Colts,43,largs-colts-2012s,Scotland,
Quins,43,bristol-harlequins,England,Bristol
@Bonnyton1912,43,bonnyton-thistle-football-club,Scotland,Bonnyton
KEELBY UTD,42,keelby-utd,England,
Eastbourne Borough U13 Reds Girls,42,eastbourne-borough-u13-reds-girls,England,Eastbourne
Bedford High School Boys Soccer,42,bedford-high-school-boys-soccer,England,Boys Soccer
Coatbridge Rovers FC,42,kirkintilloch-rob-roy-fckrr,Scotland,Coatbridge
Eaton Socon FC,42,eaton-socon-fc,England,Eaton Socon
Clach SYFA,42,clach-syfa,Scotland,League unknown
Abbey Gate College,42,abbey-gate-college,England,
Margate FC,42,ramsgate-fc-653f8e45,England,Margate
Chester RUFC U13,42,chester-rufc-u13,England,Chester
Ashton United u18,42,nantwich-town-reserves,England,Youth team
Horsham,42,horsham-hockey-club,England,Sussex (likely)
Horsham,42,horsham-hockey-club,England,Sussex (likely)
Crosfields,42,crossfields,England,
Crosfields,42,crossfields,England,
Drillers soccer club,42,drillers-soccer-club,England,
Helensburgh Rugby Football Club,42,helensburgh-rugby-football-club,Scotland,Helensburgh
Cranleigh Physical Education,42,cranleigh-physical-education,England,Cranleigh
Gillingham Hockey Club,42,gillingham-hockey-club,England,
Brill,42,brill,England,Brill
Dunstable Town,42,dunstable-town-fc,England,Dunstable
Brackley Town Football Club,42,brackley-town-51060a71,England,Brackley
AFC Telford Utd 1st Team,42,afctelfordutd1stteam,England,Telford
Hope and Future Academy CIC,42,hope-and-future-academy-cic,England,
Comberton VC fixtures,42,comberton-vc-fixtures,England,Comberton
Acland Burghley School,42,acland-burghley-school,England,London
Crendon Corinthians,42,crendon-corinthians-football-club,England,Crendon
Aberdeen Wanderers,42,aberdeen-wanderers-rugby-football-club,Scotland,Aberdeen
Brentford Football Club,42,brentford-football-club-f0482c6b,England,Brentford
Egerton FC,42,egerton-fc-26f3b441,England,
Badshot Lea Y&C,42,badshot-lea-yc,England,Youth and Community team
DOMTAC FC,42,domtac-fc,England,
DOMTAC FC,42,domtac-fc,England,
Bletchley,41,bletchley-rugby-club,England,Bletchley
Dyce RFC,41,dyce-rugby-football-club,Scotland,Dyce
Denmead Football Club,41,denmead-football-club,England,Denmead
Mount Kelly,41,mount-kelly,England,Mount Kelly College
Hermes Bridge of Don 2014,41,hermes-bridge-of-don,Scotland,Aberdeen
Dartford KYL U14’s,41,dartford-kyl-u14s,England,Dartford
Cambridge United Women's 1st Team,41,liz-pamplin-new,England,Cambridge
Heriot-Watt,41,heriot-watt-university-football-club,Scotland,Edinburgh
Glasgow Accies RFC,41,glasgow-accies-rfc,Scotland,
Bath City Women FC,41,bath-city-women-fc,England,
Kilwinning Rangers 2013’s,41,mamba-mentality-59e0e240,Scotland,Kilwinning
Kilmarnock Rugby Club,41,kilmarnock-rugby-football-club,Scotland,Kilmarnock
Berkhamsted Raiders,41,berkhamsted-raiders-cfc-85872fab,England,Raiders
Blandford RFC Ltd,41,blandford-rugby-football-club,England,Blandford
Enniskillen Gaels,41,enniskillen-gaels-e230ed2f,Northern Ireland,Enniskillen
Bugbrooke Badgers U13’s,41,bugbrooke-badgers-u13s,England,Bugbrooke
Harwich & Dovercourt Rugby Club,41,harwich-dovercourt-rugby-club,England,Harwich & Dovercourt
Bishop Stortford,41,bishop-stortford-316ae6e6,England,Bishop's Stortford
Acklam Rugby Club,41,acklam-rugby-club-e734343f,England,Acklam
FC Man United Boys 2011 / Girls 2013,41,fc-man-united-boys-2011-girls-2013,England,Manchester United (Youth Team or Fan Club)
Millbrook RFC,41,millbrook-rfc,England,Millbrook
Crewe United,41,crewe-united-7e72f43f,England,Crewe
Colne & Nelson RUFC,41,colne-and-nelson-rugby-club-limited,England,Colne/Nelson
Moortown RUFC,41,moortown-rufc,England,Moortown Rugby Union Football Club
Farnham Town YFC,41,farnham-town-18c03773,England,Farnham
Downshire YM FC,41,downshire-ym-fv,Northern Ireland,
Hemsworth Dragons ARLFC,41,hemsworth-dragons-arlfc,England,Hemsworth
Eltham Lacrosse Club c/o Luke Kendall,41,eltham-lacrosse-club,England,Eltham
Anselmians,41,anselmians-f530eec3,England,Manchester
Cheshunt Youth FC,41,ashley-6,England,Youth team
Barnes Eagles U14 Girls,40,barnes-eagles-u14-girls,England,
Ebbsfleet United U16,40,ebbsfleet-united-u16,England,
Daisy Hill FC,40,shaun-ripley,Northern Ireland,Newry
Kelvedon and Feering RUFC,40,kelvedon-and-feering-rugby-union-football-club,England,
Manfield Fc,40,g3a,England,Mansfield (likely)
Herne Bay FC Women,40,herne-bay-youth-rangers-cf95fe52,England,Herne Bay
AFC Darwen,40,afcdarwen,England,Darwen
Burtonwood Rugby League,40,burtonwood-rugby-league,England,Burtonwood
Chesterfield Community Trust,40,chesterfield-community-trust,England,Chesterfield
Hackney Wick FC,40,hackney-wick-football-club-514ab44c,England,Hackney
Bryansford GAC,40,bryansford-gac,Northern Ireland,Bryansford
Devonport Strikers,40,devonport-city-strikers,England,Devonport
Jarrow FC Youth,40,jarrow-fc-youth,England,Jarrow
Birmingham Rangers,40,birmingham-rangers-fc,England,Birmingham
Harrow Borough FC,40,harrow-borough,England,Harrow
Crosby Stuart U13's,40,crosby-stuart-u13-jfc-girls,England,
City,40,durham-city-rugby-club,England,
Birmingham Tigers,40,birmingham-tigers-football-club,England,Birmingham
Ardrossan Accies RFC,40,ardrossan-accies-rfc,Scotland,Ardrossan
Derrygonnelly,40,derrygonnelly-harps-8e0af6c6,Northern Ireland,
Backwell Sport,40,backwell-football-club,England,Backwell
Aberdeen West End,40,aberdeen-west-end,Scotland,Aberdeen
Ashingdon Youth FC U11 Yellows,39,ashingdon-youth-fc-u11-yellows,England,Youth team
Millbrook fc,39,millbrook-fc-30558e2c,England,Millbrook
Eglinton FC,39,eglinton-fc,Scotland,
Cheltenham College,39,cheltenham-college-sport,England,Cheltenham
Hymers,39,hymers-college-9dd51845,England,Hull (likely)
Moston Tigers U15s,39,moston-tigers-u15s,England,Moston
Marden Fusion,39,marden-fusion-football-club,England,Marden
Bristol City,39,bristol-city-football-club-2,England,Bristol
Moordown and Southbourne Devils,39,moordown-and-southbourne-devils,England,Moordown
Hamble club Fc,39,hamble-club-fc-11da1731,England,Hamble
Donny Belles,39,doncaster-rovers-belles-ladies-football-clun,England,Doncaster
Astley & buckshaw,39,astley-buckshaw-17baaf67,England,Astley
High Lane Football Club,39,high-lane-football-club-c17836dc,England,High Lane
Hillfoots Rugby Club,39,hillfoots-rugby-club-f6d2cf38,Scotland,Hillfoots
Campion FC - NCEL Premier,39,campion-fc-ncel-premier-2994d445,England,NCEL Premier Division
Hertfordshire,39,hertfordshire-gaa-club,England,
Chiswick Rugby Club,39,crfc-juniors,England,Chiswick
Glossop RUFC,39,glossop-rufc-ba697a6b,England,
DRUFC,39,drufc,England,
Barrow Town Falcons,39,barrow-town-falcons-37cb2bf1,England,
King Edward VI Five Ways School,38,king-edward-vi-five-ways-school,England,Birmingham
Holbeach United,38,holbeach-united-u15-jpl,England,Holbeach
Garstang,38,garstang-rufc-00cd0d45,England,Garstang
Manchester Player Development,38,manchester-player-development,England,Manchester
Marlborough College Hockey,38,marlborough-college-hockey,England,Marlborough
Heacham Minors FC,38,heacham-minors-football-club-0820177c,England,Heacham
Ashwell Accies,38,ashwell-academicals,England,
FUTBOLTV,38,futbolmania-gato-perez,England,
Keynsham RFC,38,keynsham-rugby-football-club,England,
AFC Hiltingbury Harlequins U14 Girls,38,afc-hiltingbury-harlequins-u14-girls,England,Hiltingbury
AFC WOLVES CLARETS,38,afc-wolves-d1268f59,England,Wolverhampton
Brighouse Town,38,brighouse-town-football-club,England,Brighouse
Athletico Middleton U13’s,38,ryan-maloney-13fcfb3e,England,Middleton
King's School Rochester,38,kings-school-rochester,England,Rochester
Brodsworth Welfare,38,brodsworth-welfare,England,Brodsworth
Braintree Town FC,38,braintree-town-fc-8cc16991,England,Braintree
Aberdeen Football Club,38,aberdeen-ladies-football-club,Scotland,Aberdeen
Aberdeen Football Club,38,aberdeen-ladies-football-club,Scotland,Aberdeen
Glenariffe,38,glenariffe,Northern Ireland,
CoLA HG,38,city-of-london-academy-highbury-grove,England,League unknown
Bath Youth Football & Cheerleading,38,bath-youth-football-cheerleading-16ed9935,England,
Billericay,38,billericay-blues,England,
Hasland Community FC,38,hasland-community-football-club-2,England,
Fintry Sports & Recreation Club.,38,fintry-sports-recreation-club,Scotland,Fintry
Haydock Warriors Girls,38,haydock-warriors-arlfc,England,Haydock
Bohunt School Wokingham,38,bohunt-school-wokingham,England,Wokingham
Biggleswade Rugby,38,biggleswade-rugby,England,Rugby
Hertford Rugby Football Club (Youth Section),38,hertford-rfc-youth,England,Hertford
Chester Rugby Club Juniors (u15),38,chester-rugby-club-juniors,England,Chester
Duncan’s club,38,duncans-club,England,
Chiswick RFC,38,chiswick-rugby-football-club-72bf9ccc,England,Chiswick
East Cowes Victoria AFC,38,east-cowes-victoria-afc,England,East Cowes
East Fife GWFC,38,east-fife-girls-and-women-football-club,Scotland,East Fife
Heysham Atoms,37,heysham-atoms-athletic-rugby-league-football-club,England,Heysham
Ebbsfleet Yellows,37,ebbsfleet-yellows,England,
St Helens RLFC,37,mr-michael-rush,England,St Helens Rugby League Football Club
Croydon FC,37,croydon-fc-12e6cd4a,England,Croydon
Basildon rugby club.,37,asildon-rugby-football-club,England,
Bromley Fc,37,bromley-football-club-3,England,Bromley
Ellesmere College,37,ellesmere-college,England,Ellesmere
Dersingham Rovers,37,dersingham-rovers,England,
Limvady Grammar School,37,limvady-grammar-school,Northern Ireland,Limavady
CHATHAM TOWN,37,chatham-town-35fafbf2,England,Chatham
Lichfield City Ladies FC,37,joanne-sheerin,England,Lichfield
Ellesmere College,37,ellesmere-college,England,Ellesmere
Belfast Celtic,37,belfast-celtic,Northern Ireland,Celtic
Cambridge Juniors,37,cambridge-city-junior-hockey-club,England,Cambridge
Altarnun,37,altarnun,England,
Bingham Mity Mite A,37,mountain-ridge-d2a4d930,England,Bingham
Blythe Spartans,37,port-vale-football-club-2,England,Blythe
Colliers Wood United FC,37,chessington-and-hook-united-fc-2,England,Colliers Wood
Ashfield Pirates,37,ashfield-pirates-fc,England,
Moore Utd,37,moore-united-football-club,England,Moore
Blackburn Eagles,37,blackburn-eagles-fc,England,Blackburn
Hindley Green Athletic U13,37,hindley-green-athletic-u12,England,Hindley Green
Howe of Fife RFC,37,howe-of-fife-rfc,Scotland,Howe
John Colet School,37,john-colet-school-4b485c0f,England,London
Debenham,37,debenham-youth-fc,England,Debenham
Corringham Athletic FC,37,na-f3087e34,England,Corringham
Barking,37,barking-rugby-football-club-youth,England,
Desborough Town FC,37,desborough-town-fc,England,Desborough
Crayford Arrows,37,crayford-arrows,England,Crayford
Dulwich Hamlet FC,37,dulwich-hamlet-football-club-d9809de6,England,London
Crawley Town Community Foundation,36,crawley-town-community-foundation,England,Crawley
Cookley Allstars,36,cookley-allstars-dc4699f4,England,Cookley
Esher FC,36,esher-fc-54e4e102,England,
Hashtag United Girls U9,36,hashtag-united-girls,England,
Catford Wanderers FA,36,catford-wanderers-football-academy,England,
Beechwood FC,36,beechwood-fc-301676f4,England,Football Club
Glentoran Academy,36,glentoran-recreation-company-limited,Northern Ireland,
Havant Rugby Football Club,36,havant-rugby-football-club-8588336b,England,Havant
Hedge End Rangers,36,hedge-end-rangers-1a4b2672,England,Hedge End
BNJS F.C,36,bnjs-fc,England,
Eckington boys,36,eckington-boys-2,England,Eckington
Aylesbury,36,aylesbury-vale-dynamos-fc-d0b0f6aa,England,Insufficient information
Chelmsford Hockey Club,36,chelmsford-hockey-club,England,Chelmsford
LANCASTER UNIVERSITY RUGBY UNION CLUB,36,lancaster-university-ruby-union-club-lurufc,England,Rugby Union Club
Aylesford Rockets,36,my-clubhouse-79f149d0,England,Aylesford
Ardoyne GAC,36,ardoyne-kickhams-gaelic-gac,Northern Ireland,Belfast
AFC SOUTHGATE,36,afc-southgate,England,Southgate
Exeter College Sport & Phys Ed - new,36,exeter-college-sport-phys-ed-new,England,
Farlington School,36,farlington-school,England,
Hollands and Blair youth,36,hollands-and-blair-youth,Scotland,
Burnham Ramblers,36,south-woodham-ferrers-united-72b9a6df,England,Burnham
Hornsea Sporting U8's,36,hornsea-sporting-fc-u8s,England,Hornsea
Huddersfield Laund Hill RUFC,36,huddersfield-laund-hill-rufc,England,Huddersfield
Cambridge United Women's 1st team,36,cambridge-united-womens-1st-team,England,Cambridge
Billericay town,36,billericay-town-960700d3,England,
Billericay town,36,billericay-town-960700d3,England,
Farnham Town FC,36,farnham-town-fc,England,Farnham
Hillside AFC,36,hillside,England,Hillside
Angels Scottish SC,36,angels-scottish-soccer-club,Scotland,Unknown
Malone RFC,36,malone-rugby-club,Northern Ireland,Belfast (likely)
Berwick Rangers,36,berwick-rangers-community-academy,Scotland,Rangers
AFC Urmston Meadowside,35,afc-urmston-meadowside,England,Urmston
Leigh Ramblers Girls & Ladies FC,35,leigh-ramblers-girls-ladies-fc,England,Leigh
Felixstowe Rugby Club,35,felixstowe-rugby-union-football-club-limited,England,
Enfield Scorpions basketball club,35,enfield-scorpions-basketball-club-b4417c85,England,Enfield
Harlington Upper School,35,harlington-upper-school-2cb6742d,England,Harlington
Dorchester Rugby Club,35,dorchester-rugby-football-club,England,Dorchester
Kentish Town Football Club,35,kentish-town-football-club,England,
Collingham Football Club,35,collingham-football-club,England,Collingham
Dre,35,ufa-76002848,England,
Carshalton Athletic,35,carshalton-athletic-2dddbfe5,England,
Johnstone Burgh Community Club,35,johnstone-burgh-community-club,Scotland,Johnstone
Carshalton Athletic,35,carshalton-athletic-2dddbfe5,England,
Alresford,35,alresford-town-football-club,England,
Middleton Overton Sports FC Panthers,35,middleton-overton-sports-fc-panthers,England,Middleton and Overton
Corinthian-Casuals Football Club,35,corinthian-casuals-football-club,England,Tolworth
Camden Rugby Union Club,35,camden-rugby-union-club,England,Camden
Guildford City FC,35,guildford-city-fc,England,Guildford
AFC Oakley,35,afc-oakley-d1224148,England,Oakley
William Leslie / Biggar Utd FC,35,biggar-utd-fc,Scotland,Utd FC
Aldridge Rugby Club,35,aldridge-rugby-club,England,Aldridge
Doncaster Rovers FC,35,doncaster-rovers-fc,England,Doncaster
Heart of Gloucester Fc,35,heart-of-gloucester-fc,England,Gloucester
Axminster,35,axminster,England,Axminster
Hampshire RFU,35,hampshire-rugby-football-union,England,
AYLESFORD FC,35,aylesford-fc-5f4c2334,England,Aylesford
Downe House,35,downe-house-b2ebcf34,England,
Down Camogie,35,annaclone-gac,Northern Ireland,Down
Datchworth RFC,35,datchworth-rugby-club-2,England,Datchworth
Daventry Town u16 Vikings,35,na-e552eb88,England,Daventry
Cheddar,35,cheddar-valley-rfc,England,Cheddar
Eaglescliffe Elementis Yellows,35,eaglescliffe-elementis-yellows,England,Eaglescliffe
HESSLE SPORTING,35,adam-david-bettney,England,Hessle
Chester Football Club,34,chester-football-club,England,Chester
Basingstoke Town Girls,34,chineham-tigers,England,
Mallaig FC,34,mallaig-football-club,Scotland,
Cheltenham College RFC,34,cheltenham-college-rugby,England,Cheltenham
Kickhams,34,kickhams,England,
Abingdon,34,abingdon-rugby,England,
Dauntsey's Sport 2,34,dauntseys-sport-2,England,Dauntsey's
Holmer Green Football Club,34,holmer-green-football-club,England,Holmer Green
Abingdon,34,abingdon-rugby,England,
Danson Sport U14,34,parkwood-rangers-phoenix,England,Danson
Bursledon Ladies,34,peter-hamilton,England,Bursledon
Crooklands Casuals FC,34,crooklands-casuals-fc,England,Crooklands
DYS,34,donegal-youth-soccer-club,England,
Haslingden Girls and Ladies,34,haslingden-girls,England,Haslingden
Hampton & Richmond Youth U16,34,hampton-richmond-youth,England,Hampton
Double Five,34,double-five-sports,England,
Knightswood u20s Development Squad,34,macqueen-team-b1ac0a7c,Scotland,Glasgow
Limehurst lions,34,limehurst-lions-arlfc-bfc643f5,England,
Bournville and Kings Heath Hockey Club,34,bournville-and-kings-heath-hockey-club,England,Bournville
Bolton EDS,34,bolton-eds,England,Bolton
Kesteven Rugby Club,34,kesteven-rugby-club-cde358e6,England,
Caddington Reserves,34,caddington-reserves,England,Caddington
Kelso RFC,34,kelso-rugby-football-club,Scotland,
CFC Rainham,34,cfc-rainham,England,Rainham
Billingham,34,billingham-rugby-club,England,
Lancing Rangers FC,34,james-saunders,England,
Coventry SA Stealth,34,coventry-sa-stealth-fc,England,Coventry
Maldon & Tiptree Football Club,33,colchester-united-fc-78c23824,England,Maldon
Bridlington Town AFC,33,bridlington-town-afc-bd3c8a79,England,Bridlington
Kings Cross Steelers RFC,33,kings-cross-steelers-rugby-football-club,England,London
Godolphin School,33,the-godolphin-school,England,
Bournside,33,cheltenham-bournside-school,England,(More information needed)
Mile Oak F.C,33,mile-oak-fc,England,Mile Oak
Beecholme Belles FC,33,beecholme-belles-fc,England,Belles FC
Ayr United girls Academy,33,ayr-united-girls-academy,Scotland,Girls academy
Impington College,33,impington-college,England,Impington
Esher RFC,33,esher-rugby-7713cab5,England,
Esher RFC,33,esher-rugby-7713cab5,England,
Baffins Milton Rovers,33,north-end-cosmos,England,Portsmouth
Haynes Harriers FC,33,haynes-harriers-fc,England,
Brookeborough Heber Mac Mahons GAC,33,brookeborough-heber-mac-mahons-gac,Northern Ireland,Brookeborough
Broomhill FC,33,broomhill-fc,Scotland,Broomhill
Baffins Milton Rovers,33,north-end-cosmos,England,Portsmouth
Dame Allan’s Girls School,33,dame-allans-girls-school,England,Newcastle upon Tyne
Colchester RFC,33,colchester-rugby-club,England,Colchester
Cookstown Olympic FC,33,cookstown-olympic-fc,Northern Ireland,Cookstown
Lancaster Royal Grammar School,33,lancaster-royal-grammar-school-47ff4ed0,England,Grammar School
Harlow Rugby Club,33,harlow-rugby-club-16b0fc38,England,Harlow
Cove Football Club,33,cove-football-club-9dcaab3a,Scotland,Aberdeen
EPSOM AND EWELL,33,epsom-and-ewell,England,
Glasgow Kelvin College Football Studies,33,glasgow-kelvin-college,Scotland,
Harrow hockey club,33,harrow-hockey-club,England,Harrow
Hanley Town,33,hanley-town-bd78e8fb,England,Hanley
Harrogate Railway JFC,33,harrogate-railway-junior-football-club,England,Harrogate
Harlow Rugby Club,33,harlow-rugby-club-16b0fc38,England,Harlow
Cove Football Club,33,cove-football-club-9dcaab3a,Scotland,Aberdeen
Motherwell FC Girls Academy,33,motherwell-fc-girls-academy,Scotland,Motherwell
Hampton & Richmond FC,33,hampton-richmond-fc,England,Hampton
Leek Hockey Club,33,leek-hockey-club,England,
Kew Park Rangers,33,roundwood-rangers,England,
Kings Hurst Pavillions Girls,33,kingshurstpavillionsgirls,England,
U13's Yellow,33,southampton-schools-football-association,England,Totton
Eastbourne borough u15 white,33,eastbourne-borough-u13-white,England,Eastbourne
Cobham FC,33,cobham-football-club-a7d264ae,England,Cobham
Ardgowan,32,ardgowan-thistle-football-club,Scotland,Unknown
Keelby Tigers,32,keelby-tigers,England,
Holwell Sports,32,holwell-sports-football-club,England,
Cutsyke Raiders U15s,32,cutsyke-raiders-u14s,England,
Bournemouth University,32,bournemouth-university,England,Bournemouth
Dnamo Rangers,32,dnamo-rangers,England,
Keynsham Town Football Club,32,keynsham-town-fc-d3ecb6bc,England,
Family Plan_Liverpool John Moores University,32,all-clubs,England,Liverpool
DEIGHTON,32,deighton,England,
Cargin,32,erins-own-gac-cargin,Northern Ireland,
Coventrians Jaguar,32,coventrians-jaguar-ac179358,England,Coventry
Bradford Grammar School,32,david-birch,England,Bradford
DOYRMS 1stXV,32,doyrms-1stxv,England,
Drayton Family,32,drayton-family,England,
Drybrook Rugby Football Club,32,drybrook-rugby-football-club,England,Drybrook
DSC,32,doral-soccer-club-272c446e,England,
DSC,32,doral-soccer-club-272c446e,England,
DSC,32,doral-soccer-club-272c446e,England,
Larkhall Athletic,32,larkhall-athletic,Scotland,
Dorking Wanderers FC,32,kaizen-kings,England,Dorking
DSC,32,doral-soccer-club-272c446e,England,
Consett AFC,32,consett-afc-2,England,Consett
Driffield Rugby Club,32,driffield-rugby-club,England,Driffield
Bromyard RFC,32,bromyard-rfc,England,Bromyard
Hinckley RFC,32,hinckley-rugby-football-club-619689c1,England,Hinckley
Cartha,32,cartha-queens-park-rfc-0999b623,Scotland,
Cartha,32,cartha-queens-park-rfc-0999b623,Scotland,
Annaclone GAC,32,annaclone-gac-4fcb3ba3,Northern Ireland,Annaclone
Hinckley RFC,32,hinckley-rugby-football-club-619689c1,England,Hinckley
Barton Rugby,32,barton-district-rufc-46271e8a,England,
Bashley Football Club,32,bashley-football-club-e91d8695,England,
Carmen,32,bucuresti-strada-aristide-pascal-29-31-sector-3,England,
Kingsdale Foundation School,32,kingsdale-foundation-school,England,
Killyman,32,killyman-st-marys,Northern Ireland,
Kintbury Rangers FC,31,kintbury-rangers-fc,England,Kintbury
DSA Sports Club - V2,31,dsa-sports-club-new,England,
Dartford Celtic,31,dartford-celtic-fc,England,Dartford
Derrylin,31,derrylin-oconnells,Northern Ireland,
Derby Football Academy,31,derby-football-academy-4ad8111c,England,Derby
Blueharts Hockey Club,31,blueharts-hockey-club,England,
Don Bosco Hawks,31,don-bosco-hawks,England,
Blackthorn,31,blackthorn-rugby-club,England,
Dungoyne FC 2,31,dungoyne-football-club,Northern Ireland,Dungoyne
Bungay,31,bungay,England,
Cams Hill School,31,cams-hill-school,England,Fareham
Bury FC,31,bury-fc-478cfdf6,England,Bury
BNJS U15,31,bnjs-u15,England,
Manchester University,31,manchester-university-womens-soccer,England,Manchester
Crook Town,31,brandon-united-2,England,Crook
Buckinghamshire RFU,31,buckinghamshire-rfu,England,
Bury FC,31,bury-fc-478cfdf6,England,Bury
Caldicott Preparatory School,31,caldicott-preparatory-school,England,Caldicott
Hayling Youth U9's,31,gable-fall-safe-ltd,England,Hayling
Egham Town FC,31,egham-town-fc,England,Egham
Aldershot Town FC,31,aldershot-town-fc,England,Aldershot
Cheltenham Civil Service RFC,31,cheltenham-civil-service-rfc,England,Cheltenham
Inspired community football Northern Ireland,30,inspired-community-football-northern-ireland,Northern Ireland,Northern Ireland
Chipstead Rugby Club,30,chipstead-rugby-club-bcc22c7c,England,Chipstead
DUCS,30,ducs,England,
Epsom & Ewell Youth,30,epsom-ewell-hoops,England,
Brent,30,brent-de-wolf,England,Brent
Holytown Colts Girls,30,holytown-colts-u14s-girls,Scotland,Holytown
Bournemouth Electric,30,bournemouth-electric-4751316e,England,Bournemouth
The Rose,30,bonnyrigg-rose-development-squad,Scotland,Bonnyrigg
Afc Lewisham,30,cray-valley-fc-u12,England,Lewisham
Baillieston Thistle,30,baillieston-thistle-f78b405f,Scotland,Glasgow
Eastbourne Boro Football Club,30,eastbourne-boro-football-club,England,Eastbourne
Henlow,30,afc-shillington,England,
Lee Rangers,30,lee-rangers-fc,England,
Leamington Football Club,30,leamington-football-club,England,
DRFC,30,donaghadee-rugby-football-club,England,
Clay Brow FC,30,clay-brow-fc-246441ed,England,League unknown
Brentwood,30,brentwood-06e66d77,England,Brentwood
Kilsyth 20s,30,kilsyth-20s,Scotland,Kilsyth
DRFC,30,donaghadee-rugby-football-club,England,
DRFC,30,donaghadee-rugby-football-club,England,
Spalding Grammar School,30,dave-venables,England,Spalding
Charlton Wildcats Basketball,30,charlton-wildcats-basketball,England,London (Charlton)
Godalming Town FC,30,godalming-town-fc-9c36fe9a,England,
Maltby Main JFC,30,maltby-main-jfc,England,Maltby
Crieff Juniors,30,crieff-juniors-football-club,Scotland,Crieff
Dream chaser and Olympia - new,30,dream-chaser-and-olympia-new,England,
Gillingham Anchorians Mini & Youth Rugby,30,gillingham-anchorians-mini-youth-rugby,England,
Coney Hill RFC,30,hucclecote-rfc,England,Gloucestershire
DRFC,30,donaghadee-rugby-football-club,England,
Cranleigh FC,30,cranleigh-football-club,England,Cranleigh
Hampton Junior Football Assoc,30,hampton-junior-football-assoc,England,Hampton
Brentwood Town EJA,30,propsys-services-ltd,England,Brentwood
Falmouth Utd,30,andrew-symons,England,Falmouth
Appleby Frodingham,30,appleby-frodingham-football-club-2,England,Scunthorpe
Annbank UTD Community Football Club,30,annbank-utd-community-football-club-ae62dd32,Scotland,Annbank
Andover RFC,30,andover-rugby-football-club,England,Andover
Ashby Hockey Club-2,30,ashby-hockey-club-9976e056,England,
East Thurrock Community Football Club,30,east-thurrock-community-football-club,England,East Thurrock
Egremont Rugby Union Club,30,egremont-rugby-union-club,England,Egremont
Edenbridge Rugby Football Club Ltd,29,edenbridge-rugby-football-club-ltd,England,Edenbridge
Gloucester Rugby Academy,29,gloucester-rugby-academy,England,
Deerness Valley FC,29,deerness-valley-fc,England,Stanley
Huntly,29,huntly-football-club-6eeb468c,Scotland,Aberdeenshire (likely)
Fakenham,29,fakenham-rugby-club-limited,England,Fakenham
Fakenham,29,fakenham-rugby-club-limited,England,Fakenham
Afc Preston Reds,29,afc-preston-reds,England,Preston
Billericay Town Womens FC,29,billericay-town-womens-fc,England,Womens FC
Cambridge Talent Academy,29,cambridge-talent-academy,England,Cambridge
Manchester City Abu Dhabi Cup 2024,29,manchester-city-abu-dhabi-cup-2024,England,Manchester
Mid Somerset RTC,29,mid-somerset-regional-talent-centre,England,Mid Somerset
Dover Fc,29,dover-fc,England,Dover
Manchester City Sports Club,29,manchester-city-sports-club-e2105288,England,Manchester
Darren,29,forestdale-blues-u9,England,
Chelmsford City EJA,29,chelmsoford-city-eja,England,Chelmsford
Dagenham Rufc,29,dagenham-c1786d90,England,Dagenham
BELLAGHY WOLFE TONES GAA,29,bellaghy-wolfe-tones-gaa,Northern Ireland,GAA
Leeds Corinthians,29,leeds-corinthians,England,
Dollingstown Football Club,29,dollingstown,Northern Ireland,Dollingstown
Epping FC,29,epping-youth-fc,England,
Epsom and Ewell Colts,29,epsom-and-ewell-colts-5bb5bf44,England,
Bridlington Town AFC (2024-),29,hdm-solar,England,Bridlington
Ellon United,29,ellon-united,Scotland,Ellon
Duchy College,29,duchy-college,England,
Bridgnorth Town Juniors,29,bridgnorth-town-juniors-e3f8d507,England,Bridgnorth
Eccleshall,28,eccleshall-rufc,England,Eccleshall
Arsenal,28,arsenal-christian-soccer-academy,England,London
Calday Grange Grammar School,28,calday-grange-grammar-school,England,Calday Grange
Derbyshire County FA,28,derbyshire-county-fa,England,Derby
Holmes Chapel Hurricanes,28,hch-u16-reds,England,Holmes Chapel
Murrayfield Wanderers,28,murrayfield-wanderers-fc,Scotland,Murrayfield
Harton Academy,28,harton-academy,England,
Bedford Swifts,28,bedford-swifts-rugby-union-football-club,England,
GRFU,28,gloucestershire-rfu,England,
Aylestone,28,aylestone-park-football-club-7173a4d1,England,Insufficient information
AFC Chilton,28,great-blakenham-chequers-fc,England,Chilton
Bolton Wanderers Soccer Club,28,bolton-wanderers-soccer-club-b5579fc3,England,Bolton
Bolton Wanderers Soccer Club,28,bolton-wanderers-soccer-club-b5579fc3,England,Bolton
Blackburn Utd,28,blackburn-utd,England,Blackburn
Arsenal,28,arsenal-christian-soccer-academy,England,London
Arsenal,28,arsenal-christian-soccer-academy,England,London
Diamonds,28,diamonds,England,AFC Rushden & Diamonds (Likely)
Bude RFC,28,bude-rfc-a34fc9fc,England,Bude
Fc wasps,28,dilton-wasps,England,
Edinburgh City FC,28,gala-fairydean-rovers-2,Scotland,Edinburgh
Hazlehead Academy,28,hazlehead-academy,Scotland,
Denmead fc u13 eagles & u8,28,denmead-122a764e,England,Denmead
Chingford rfc,28,robert-clack,England,Chingford
Herriot's Rugby Club Limited,28,heriots-rugby-club,Scotland,Edinburgh
FLEETWOOD UNITED,28,fleetwood-united,England,Fleetwood
Monifieth Athletic,28,monifieth-athletic-c60e2f96,Scotland,Monifieth
Mundford u14 JPL,28,mundford-u14-jpl,England,Mundford
Heston Rovers FC - H10,28,heston-rovers-fc-graham-sloan,England,Heston
Hindpool Tigers,28,hindpool-tigers,England,Hindpool
Hinchley Wood School,28,hinchley-wood-school,England,Hinchley Wood
Elburton villa,28,elburton-villa-fc,England,Elburton
Leicestershire & Rutland County FA,28,leicestershire-rutland-county-football-association,England,Leicestershire & Rutland
Ashton under Lyne rfc,28,ashton-under-lyne-rfc-9e15575f,England,Ashton-under-Lyne
East Durham College,28,east-durham-college-b05fe0c2,England,
Kirkburton JFC,28,kirkburton-jfc-56172cb5,England,Kirkburton
COLNEY HEATH EJA,28,belstone,England,Colney Heath
Test Leigh Rangers,27,test-leigh-rangers,England,Leigh
Bourneview Mill,27,bourneview-mill-fc-3e0f8cab,England,Bourne
Surrey FA,27,david-miller,England,Surrey
Hinckley,27,hinckley,England,Hinckley
Ashford Town Football Club,27,steve-oliver,England,
Langton Green Community Sports Association,27,langton-green-community-sports-association-2,England,
Bromley FC,27,bromley-fc-2e3ad627,England,Bromley
Bromley FC,27,bromley-fc-2e3ad627,England,Bromley
Brocks RFC,27,brockleians-rugby-football-club,England,
Atherton Junior Rugby League,27,atherton-roosters-junior-rugby-league,England,Atherton
Exeter Regional Talent Centre,27,exeter-regional-talent-centre-027a21dd,England,
Burton Hockey Club,27,burton-hockey-club,England,Burton upon Trent
Helston Athletic FC,27,helston-athletic-fc,England,Helston
barton rovers,27,barton-rovers-73883c76,England,
Durham United Youth FC,27,durham-united-youth-fc,England,Durham
Dunkirk Colts,27,dunkirk-football-club,England,Dunkirk
Clayesmore Girls Sport,27,clayesmore-girls-sport,England,League unknown
Burnham on sea rugby club,27,burnham-on-sea-rugby-club,England,Burnham-on-Sea
Dynamo’s,27,castlemilk-dynamo-2008,Scotland,
Dreadnots,27,dreadnots-gfc-5d8858b1,England,
Eddlewood Boys Club 2010,27,eddlewood-boys-club-2010,Scotland,
Guildford Saints W,27,guildford-saints-w,England,Guildford
Moulton College,27,moulton-college-881510a9,England,Moulton
Highgate School,27,highgate-school-b5899c27,England,Highgate
AFC Penwortham,27,afc-penwortham,England,Penwortham
AFC Southall,27,afc-southall-87739861,England,Southall
Exeter Athletic U15,27,exeter-athletic-c2145fd2,England,
Harlow Town U15,27,harlow-town-u15-ba81e7ae,England,Harlow
Benburb FC,27,benburb-fc-91127cc3,Northern Ireland,Football Club
Malvern U16 Club House,27,mikes-club-house,England,Malvern
Blackburn United FC,27,blackburn-united-fc,England,Blackburn
Bedford Girl's School,27,bedford-girls-school-c5ca90e3,England,Girl's School
Buckie Girls & Ladies Football Development,27,buckie-girls-ladies-football-development,Scotland,Buckie
Aberdeen Grammar RFC,27,aberdeen-grammar-rfc,Scotland,Aberdeen
Cothill House,27,cothill-house,England,
Corinthain Casuals,27,stewart_twidle,England,
Kings Hill U15 JPL Girls,27,kings-hill-u15-jpl-girls,England,Kings Hill
Heybridge Swifts,27,heybridge-swifts-b63d6a44,England,Heybridge
Heybridge Swifts,27,heybridge-swifts-b63d6a44,England,Heybridge
Brackley Athletic FC,26,brackley-athletic-football-club,England,Brackley
Arbroath FC Community Trust,26,arbroath-fc-community-trust,Scotland,Arbroath
Hitchin Belles FC,26,hitchin-belles-fc-u16-blues,England,Hitchin
Hanley Town YDP Blue,26,leek-town-allstars,England,Hanley
Coventry,26,coventry-sphinx-c4eeb968,England,
Coventry,26,coventry-sphinx-c4eeb968,England,
Coventry,26,coventry-sphinx-c4eeb968,England,
Cray Valley Paper Mills FC,26,cray-valley-paper-mills-fc,England,Crayford
HUTTON REDS,26,lions-f837ac29,England,Essex (likely)
Abbey Hey JFC,26,abbey-hey-jfc,England,
Afc Chelmsley,26,afc-chelmsley-033ee5ea,England,Chelmsley Wood
Guildford Saints Jaguars,26,guildford-saints-jaguars,England,Guildford
Cotham Park,26,cotham-park-rugby-football-club,England,Bristol
City of Armagh Rugby Club,26,city-of-armagh-rugby-club-44e7ad13,Northern Ireland,Armagh
Cambs FA,26,cambridgeshire-football-association-limited,England,Cambridgeshire FA
Yellow u7,26,billericay-yellow-u7,England,u7
Charfield AFC,26,charfield-afc-f922eb67,England,Charfield
AFC GORNAL SOUTH U10 22/24,26,atc-gornal-south-u10,England,Gornal
Evesham United FC,26,evesham-united-fc-9aeaf7b5,England,
Darlaston Town 1874 Ladies FC,26,darlaston-town-ladies-1874-fc,England,Darlaston
Batley Bulldogs,26,craig-lingard,England,
Helston Athletic Football Club,26,helston-athletic-football-club-a86c317f,England,Helston
DUOMO,26,ssd-circolo-parrochiale-duomo,England,
Harborough Town FC,26,harborough-town-fc-u15,England,Harborough
Harefield United,26,harefield-united-2e1d9a82,England,Harefield
Harefield United,26,harefield-united-2e1d9a82,England,Harefield
Finaghy Football Club,26,finaghy-football-club-cfc45621,Northern Ireland,Belfast
Maud Football Club,26,maud-football-club,Scotland,Maud
Basildon United FC,26,bufc,England,
Adaptavis / Crawley United & Ifield U15,26,adaptavis-crawley-united-ifield-u15,England,Crawley
Droylsden,26,droylsden-football-club,England,Droylsden
Hitchin Belles FC,26,hitchin-belles-fc-u16-blues,England,Hitchin
Corbridge United,26,corbridge-united,England,Corbridge
AFC Chorlton,26,afc-turn-moss,England,Chorlton
Aberfeldy RFC,26,aberfeldy-rugby-football-club-5c216940,Scotland,Aberfeldy
Exeter City FC - II,26,exeter-city-fc-ii-b7de88a0,England,
Ebbsfleet U16,26,ebbsfleet-u16,England,
Caithness Rugby Club,26,caithness-rugby-football-club,Scotland,Caithness
Hatfield Comets FC,26,hatfield-comet-youth-fc,England,Hatfield
Ascot United FC,25,jamie-05db26ff,England,Ascot
Lincolnshire FA,25,lincolnshire-football-association,England,Lincolnshire
Kirkburton Juniors,25,kirkburton-juniors,England,Kirkburton
Bournemouth Sports FC,25,bournemouth-sports-fc-01665c9d,England,Bournemouth
BO9 FC Premier,25,bo9-strikers,England,
BFT,25,blackpool-football-therapy,England,
Alvechurch Football Club,25,alvechurch-football-club-72341f36,England,Alvechurch
Dorch,25,dorch,England,
DORSET RTC,25,dorset-rtc,England,Dorset
Lanark,25,lanark-rugby-club,Scotland,
Clarksfield & Glodwick Football Club,25,cg-football-club,England,Clarksfield & Glodwick
Cotgrave FC,25,cotgrave-fc,England,Cotgrave
Cotgrave FC,25,cotgrave-fc,England,Cotgrave
Maltby Main,25,maltby-main,England,Maltby
Barnes Eagles,25,barnes-eagles,England,
Epsom & Ewell FC,25,epsom-ewell-fc-45cb148e,England,
Derrygonnelly Harps,25,derrygonnelly-harps-e7e35f6b,Northern Ireland,
Hamworthy Rec,25,hamworthy-rec,England,Hamworthy
Cambridge City FC,25,cambridge-city-ea19ed07,England,Cambridge
Cambridge City FC,25,cambridge-city-ea19ed07,England,Cambridge
Cambridge City FC,25,cambridge-city-ea19ed07,England,Cambridge
Eoghan Rua CLG Coleraine,25,eoghan-rua-clg-coleraine,Northern Ireland,Coleraine
Epping RFC,25,epping-upper-clapton-rfc-e980d5e1,England,
Beverley ARLFC,25,beverley-arlfc,England,ARLFC (Amateur Rugby League Football Club)
Devils Rugby,25,binghamton-university-rugby-football-club,England,Rugby
Gamechangers U11,25,crawley-gamechangers-under-11s,England,Crawley
Glasgow athletic,25,glasgow-athletic-40547f25,Scotland,
Egremont Rangers,25,egremont-rangers-arlfc,England,Egremont
Methley Warriors,25,methley-warriors-arlfc,England,Methley
Hungerford,25,hungerford,England,Berkshire (likely)
Emsworth Youth FC,25,emsworth-youth-football-club,England,Emsworth
Balham Football Club Ltd.,25,balham-football-club-ltd,England,London
AFC Lewisham u10,25,afc-lewisham,England,Lewisham
Methodist College Rugby,25,mcruk,Northern Ireland,Belfast
Enniskillen Royal Grammar School,25,enniskillen-royal-grammar-school,Northern Ireland,Enniskillen
Bishop's Stortford Swifts FC,25,bishops-stortford-swifts-fc,England,Bishop's Stortford
Harlow Town U15’s,25,harlow-town-football-club-2,England,Harlow
Birstall United FC,25,birstall-united-football-club,England,Birstall
Marr Rugby Football Club,25,marr-rugby-football-club,Scotland,
Bristol Manor Farm,25,bristol-manor-farm-3,England,Bristol
Bristol Manor Farm,25,bristol-manor-farm-3,England,Bristol
Bridgwater United Women FC,25,bridgwater-united-women-fc,England,Bridgwater
Lhanbryde Utd,25,lhanbryde-united-football-club,Scotland,Lhanbryde
Kilsyth Cobras,25,kilsyth-cobras,Scotland,Kilsyth
Bonnyrigg Rose,24,bonnyrigg-rose-ladies,Scotland,Bonnyrigg
ARDLEY UNITED U16S,24,ardley-united-fc-e8c28a54,England,Ardley
DONAGHADEE FC,24,donaghadee-football-club,Northern Ireland,Donaghadee
SGS Olveston United,24,st-nicholas-fc-2,England,
Manchester 62 FC,24,manchester-62-fc-e0178ca4,England,Manchester
Market Drayton Rugby Club,24,market-drayton-rugby-club,England,Market Drayton
Dartford FC,24,dartford-fc,England,Dartford
Kintore United Football club,24,kintore-united-football-club-9d72108c,Scotland,Kintore
Knaphill FC,24,knaphill-fc-34744642,England,Knaphill
Driv,24,driv,England,
AFC Winkfield,24,afc-winkfield,England,Winkfield
Dartford Grammar School,24,dartford-grammar-school,England,Dartford
Kingsthorpe Jets,24,kingsthorpe-jets-yourh-football-club,England,
Moordown,24,moordown-southbourne-football-club,England,Moordown
DFC,24,western-christian-high-school,England,
Ebbsfleet United FC U12 BLUE,24,dartford-fc-9cbd5132,England,
Achilles Town FC,24,achilles-fc-0b56c608,England,
Camulodunum Romans FC,24,camulodunum-romans-fc,England,Colchester
Hullbridge Sports FC,24,hullbridge-sports-fc,England,Hullbridge
Leeds Beckett Uni,24,leeds-beckett-uni,England,University
Leek,24,leek,England,
Leek,24,leek,England,
Cricklade,24,cricklade-youth-football-club,England,Cricklade
Halstead FC Spartans,24,halstead-fc-spartans,England,Halstead
Dulwich Village FC,24,dulwich-village-fc-002eebfc,England,London
Burscough Villa FC,24,burscough-villa-d6d6c610,England,Burscough
Keady Dwyers Senior Men,24,keady-dwyers-senior-men,Northern Ireland,Keady
Doncaster RFC Mini Juniors,24,doncaster-rugby-football-club-mini-juniors,England,Doncaster
Cardonald,24,cardonald,Scotland,
Beograd Woodville Sports & Social club,24,beograd-woodville-sports-social-club-12b1f33d,England,Sports & Social club
Beograd Woodville Sports & Social club,24,beograd-woodville-sports-social-club-12b1f33d,England,Sports & Social club
Derriaghy,24,derriaghy-cc-fc,Northern Ireland,
Dronfield Town U9 Reds,23,dronfield-town-fc-eed875ad,England,Dronfield
Ipswich Football Club,23,ipswich-fc,England,Ipswich
Kirkfield 2009s,23,kirkfield-2009s,England,
Dorking Wanderers U12,23,dorking-wanderers-9a07c56a,England,Dorking
Bromley FC U11 Ravens,23,bromley-fc-u11-ravens,England,Bromley
Bradfield Netball,23,bradfieldnetball,England,Bradfield
Gairdoch United,23,gairdoch-united-7ba1b4ef,Scotland,Gairdoch
Ards Rugby Club,23,ards-rugby-football-club-fc9639b1,Northern Ireland,Ards
Fettes College,23,fettes-college-0f5bab1d,Scotland,Edinburgh
Ardstraw Football Club,23,ardstraw-football-club,Northern Ireland,Ardstraw
Epping Town,23,epping-town-football-club,England,
Halton Farnworth Hornets,23,halton-farnworth-hornets,England,Halton
Halton Farnworth Hornets,23,halton-farnworth-hornets,England,Halton
Hoylake Rugby Club,23,hoylake-rugby-club,England,Hoylake
Accrington Wildcats,23,accrington-wildcats-arlfc,England,Accrington
Hertfordshire FA,23,hertfordshire-fa,England,
Ince rose bridge,23,ince-rose-bridge-5018dd7d,England,Ince
Leigh RUFC,23,leigh-rufc-af3826f6,England,Leigh
Gloucester city boys,23,gloucester-city-afc-436bbde2,England,
Denefield School,23,denefield-school,England,
Barnet Nightingales,23,barnet-nightingales-fc,England,
Cheshire,23,cheshire-schools-fa,England,Cheshire
Melton Town Tigers,23,melton-town-tigers,England,Melton Mowbray
Market Bosworth,23,market-bosworth-75656129,England,
Marston Green FC,23,marston-green-fc-19232d20,England,Marston Green
Borough,23,eastbourne-borough-fc-180f6e17,England,Eastbourne
Hurstwood Rangers,23,hurstwood-rangers,England,Hurstwood
Danbury & Bicknacre FC,22,danbury-bicknacre-fc,England,Danbury
Horndean Youth,22,clanfield-fc-c68b10a1,England,Horndean
DrigRugby,22,drighlington-arlfc-ecb4a167,England,
Dromore,22,dromore,Northern Ireland,Dromore
Deddington Town FC,22,deddington-town-fc-9ae778d2,England,Deddington
Hunslet ARFLC U9's,22,hunslet-arflc-u9s,England,Leeds (likely)
Mulbarton Wanderers,22,mastercote-uk-ltd,England,Mulbarton
Alderley Edge,22,alderley-edge-63491c50,England,
Cray wanderers,22,cray-wanderers-fc-97f2d12a,England,Crayford
Cray wanderers,22,cray-wanderers-fc-97f2d12a,England,Crayford
Marlborough College,22,marlborough-college-ed13b6d7,England,Marlborough
Cargilfield,22,cargilfieldschool,Scotland,
Downfield Junior football club,22,downfield-jfc,Scotland,Downfield
Downside,22,downside-football-club,England,
Ebbsfleet United FC Reds,22,ebbsfleetf-fc,England,
Horley Town Football Academy,22,horley-town-football-academy-23d50e6d,England,Horley
Mulbarton Wanderers,22,mastercote-uk-ltd,England,Mulbarton
Ampthill Rugby Club,22,ampthill-rugby-club-23833e0c,England,Ampthill
Ampthill Rugby Club,22,ampthill-rugby-club-23833e0c,England,Ampthill
Basildon Rugby Club,22,basildon-rugby-club-f649b7ab,England,
Leyton Orient 1st Team,22,leyton-orient-1st-team,England,Leyton
LB&HX Junior football club,22,lbhx-junior-football-club,England,Junior Football Club
Eton Manor Rugby Football Club,22,eton-manor-rugby-football-club,England,
Chester Gladiators,22,chester-gladiators-rlfc,England,Chester
DCC cardinals,22,dubois-central-catholic,England,
Brooklands FC,22,brooklands-fc-4ac7e1f9,England,Brooklands
FC Elmstead Academy,22,fc-elmstead-academy,England,Elmstead
Leckhampton Football club,22,leckhampton-football-club,England,
Crowle Searchers Football Club,22,crowle-searchers-football-club,England,Crowle
Ascot United U11s,22,ascot-united-u11s,England,Youth team
Ashford RFC Academy,22,ashford-rfc-academy,England,Ashford
Billericay Town FC,22,billericay-town-fc-2bf767ef,England,FC
Faversham Strike Force,22,ladies-1st-team,England,Faversham
Handsworth Juniors,22,handsworth-junior-sporting-club-3c0084ae,England,Handsworth
Birkdale School,22,birkdale-school-869db657,England,
Birmingham City Women,22,birmingham-city-women-d739441f,England,Birmingham
Hadleigh RFC,22,hadleigh-rfc,England,Hadleigh
Harrogate Railway,22,na-c3029a76,England,Harrogate
Cray Wanderers Lions,22,cray-wanderers-lions,England,Crayford
Midgery Court FC,22,midgery-court-fc,England,Midgery Court
Enniskillen Town United,22,manor-house-country-hotel,Northern Ireland,Enniskillen
Coventry Force Premier,22,coventry-soccer-association-130ffdb7,England,Coventry
Leigh miners,22,darren-pilkington,England,Leigh
Hyde,22,hyde-united-7,England,Greater Manchester (likely)
Moore Rugby Union Football Club,21,moore-rufc,England,Moore
Headington School,21,headington-school,England,Oxford
Castle Juniors FC 2012s,21,castle-juniors-e5806b71,England,
Coventry Orion FC,21,coventry-orion-fc,England,Coventry
Chesterton AFC,21,david-a78127ef,England,Chesterton
Milford & Witley FC,21,milford-and-witley-football-club,England,Milford and Witley
Cumbernauld Colts Yellow 2007s,21,cumbernauld-colts-yellow-2007s,Scotland,Cumbernauld
Cobham Cobras,21,cobham-cobras-e4e93904,England,Cobham
GARSWOOD HAWKS,21,nextgear-motors-ltd-3a0bb3ec,England,Garswood
Draft Tournament,21,draft-tournament,England,
Darlington Rugby Football Club Limited,21,darlington-rugby-football-club-limited,England,Darlington
Augher Stars,21,augher-stars-e6feb145,Northern Ireland,Augher
AFC Birmingham,21,afc-birmingham-fa4df32e,England,Birmingham
Bidford Juniors FC,21,bidford-juniors-fc-51afb4aa,England,Juniors FC
Hucclecote,21,hucclecote-rugby-football-club,England,Gloucestershire (likely)
Belvedere fc,21,belvedere-fc-cbdd29d0,England,Football Club
Lewisham Borough Community Football Club,21,lewisham-borough-community-football-club-8e563d6b,England,Lewisham
Bristol Inner City Football Academy,21,bristol-inner-city-football-academy,England,Bristol
Marine FC Women,21,marine-fc-women,England,Crosby
Humphry Davy School,21,humphry-davy-school,England,Information needed
Leyton Orient LFC,21,leyton-orient-u16-jpl-girls,England,Leyton
East Manchester Junior Football League,21,east-manchester-junior-football-league,England,
Eastbourne Borough u13’s Red,21,eastbourne-borough-9da24ac7,England,Eastbourne
AFC Brooklands,21,afc-brooklands,England,Brooklands
Mid Sutton Sportslink FC,21,mid-sutton-sportslink-fc-c76b51e2,England,Mid Sutton
Larne Grammar School,21,larne-grammar-school,Northern Ireland,Grammar School
Baljaffray Football Club 2010s,21,baljaffray-football-club-2010s,Scotland,2010s team
Herongate,21,herongate-athletic,England,
Busby afc,21,busby-afc,Scotland,Busby
Hillsborough Boys,21,hillsborough-boys-junior-football-club,England,Hillsborough
Guilford Rugby,21,carolinas-geographic-region-union,England,Guilford
Ashridge,21,eversley-california-reserves,England,
Lincoln United,21,lincoln-united-b999d306,England,Lincoln
Chingford Rugby Football Club,21,chingford-rugby-football-club,England,Chingford
DSSi,21,dssi,England,
Kings Hill FC,21,kings-hill-fc-399507d5,England,Kings Hill
Hyndburn Youth,21,hyndburn-youth-football-club,England,Accrington (likely)
Dalton ARLFC,21,dalton-amateur-rugby-league-club,England,Dalton
FLAIRLINE OF CHINGFORD LTD,21,flairline-of-chingford-ltd,England,Chingford
Dalry Thistle,21,dalry-thistlee,Scotland,Dalry
Leigh Lionesses F.C,21,leigh-lionesses-fc,England,Leigh
Don King,21,don-king,England,
Broadford Rovers FC,21,broadford-rovers-fc-cee118a3,Scotland,Broadford
Dream team games,21,dream-team-games,England,
Alresford Colne Rangers FC,21,alresford-colne-rangers-fc,England,Alresford
Dearne Valley,20,dearne-valley-bulldogs-773d63e4,England,Dearne Valley
Alder FC,20,alder-fc-4389bb11,England,
KE Aston,20,king-edward-vi-aston,England,Birmingham
BSCFC Under 9 Rovers,20,bscfc-under-9-rovers,England,
Dorchester,20,dorchester-town-football-club-2,England,Dorchester
Hitchin Town Youth FC Mavericks,20,hitchin-town-youth-fc-mavericks-d77947e4,England,Hitchin
East Herts Youth F.C,20,east-herts-youth-fc-774f8fd7,England,
Dunipace 2010 Lwys,20,lightways-contractors-ltd,Scotland,Dunipace
Dunfermline Reign Seniors,20,dunfermline-reign-senior,Scotland,Dunfermline
Maldon & Tiptree  Lions,20,maldon-tiptree-lions,England,Maldon
Burnley RUFC,20,burnley-rufc,England,Burnley
clevedon school,20,clevedon-school-b2c215bd,England,Clevedon
Eckington Boys FC,20,eckington-boys-football-club,England,Eckington
Limavady Rugby Club,20,limavady-cricket-rugby-football-hockey-club,Northern Ireland,Limavady
Glentoran,20,glentoran-football-club-428d13c9,Northern Ireland,
Marling School,20,marling-school,England,
Beckenham Town Blues (u15),20,beckenham-town-blues-u15,England,U15s
Ketton Sports JFC U8 Blacks,20,personal-mortgage-solutions,England,
Hornchurch FC Youth,20,hornchurch-fc-youth,England,Hornchurch
Birmingham Deaf FC,20,birmingham-deaf-football-club,England,Birmingham
Fairford Town Academy,20,fairford-town-academy,England,Fairford
Mitcham park,20,mitcham-park-0446b407,England,Mitcham
COCKHILL CELTIC,20,lynch-windows-ltd,Northern Ireland,
Chafford Dynamite Purple,20,chafford-dynamite-purple,England,Chafford Hundred
Leicester Celtic,20,pilotfish-advisory-ltd,England,Leicester
Downend Flyers,20,downend-flyers-girls-football-club,England,Downend
Clydebank Red Star,20,clydebank-red-star,Scotland,Clydebank
FA Wisla Krakow London,20,football-academy-wisla-krakow-london,England,London
Douglas rugby club,20,douglas-rugby-clube,England,Douglas
Corringham Athletic,20,corringham-athletic,England,Corringham
Milngavie FC,20,milngavie-fc,Scotland,Milngavie
Cullompton Rugby Club Junior Section,20,cullompton-rugby-club-c4254aa8,England,Cullompton
Collingham FC,20,collingham-football-club-2920e63f,England,Collingham
Montfort Junior School,20,montfort-junior-school,England,Montfort
AFC Totton Under 9,20,afc-totton-under-9,England,Totton
Tigers Women RFC,20,lichfield-rugby-club,England,
Moorside Sports Club Ltd,20,moorside-sports-club-ltd,England,Moorside
Moffat Cam,20,moffat-cam,Scotland,Moffat
Leigh Miners Rangers U16 Golds,19,leigh-miners-rangers-u15-gilds,England,Leigh
AFC Wimbledon,19,afc-wimbledon-3e0e063e,England,Wimbledon
Hull City - First Team,19,hull-city-ce181d7a,England,Hull
Buckhurst Hill U11 Blues,19,total-assist-recruitment-limited,England,Buckhurst Hill
Essex W&G,19,essex-rfu-women-and-girls,England,
Burwell FC,19,burwell-fc,England,Burwell
Huyton barca,19,huyton-junior-barca,England,Huyton
branksome united,19,branksome-united,England,Poole
Archers RFC,19,archers-rfc,England,Guildford
Bradford City Women,19,bradford-city-afc-women,England,Bradford
Kettering Town U16s,19,kettering-town-u15s,England,
Crudaders,19,crudaders,Northern Ireland,
Ackworth School,19,ackworth-school-football-academy,England,Ackworth
Leeds Rhinos,19,leeds-rhinos-wheelchair-rugby-league,England,
Letchworth GC Eagles,19,essential-water-services,England,Letchworth
Herne bay women fc,19,herne-bay-fc-women,England,
Beith Juniors Community Football Club,19,beith-juniors-community-football-club,Scotland,Juniors Community Football Club
Belper Town Ladies,19,belper-town-ladies-football-club,England,Ladies
Berkhamsted U8 Red Squad,19,berkhamsted-raiders-community-football-club,England,U8 Red Squad
Harris Rugby,19,harris-academy-fp-rfc,England,
Mirfield ARLFC,19,mirfield-stags-rugby-league,England,Mirfield
England Korfball,19,england-korfball-academy,England,
Barnoldswick Town FC,19,barnoldswick-town-football-club,England,
City Ladies FC,19,city-ladies-football-club,England,City
Abbey Hulton Utd,19,abbey-hulton-utd,England,
Eckington Belles,19,eckington-belles-784cb816,England,Eckington
Edgware and Kingsbury U18,19,rayners-lane-fc-under-16s,England,Edgware
Almondsbury FC,19,almondsbury-football-club,England,Almondsbury
Marden Cricket and Hockey Club,19,marden-cricket-and-hockey-club,England,Marden
Market Rasen & Louth RUFC,19,market-rasen-louth-rufc-57cd9481,England,Market Rasen
Braintree Town,19,coggeshall-town-fc-192a1039,England,Braintree
Coventry United FC,19,coventry-united-fc,England,Coventry
AFC Wimbledon,19,afc-wimbledon-3e0e063e,England,Wimbledon
Bootham School,18,bootham-school,England,York
Cornwallis Academy,18,cornwallis-academy,England,
Clydesdale Football Academy Colts,18,central-property-contracts-ltd,Scotland,
Ipswich Grammar School,18,ipswich-grammar-school-d56bf044,England,Ipswich
Kirkby Lonsdale RUFC,18,kirkby-lonsdale-rufc,England,Kirkby Lonsdale
Douglas High School.,18,douglas-high-school1,England,Douglas
Chorley FC U12,18,chorley-fc-u12s,England,Chorley
Mosborough RUFC,18,mosborough-rugby-union-football-club,England,Mosborough Rugby Union Football Club
Mourne Sports,18,mourne-sports,Northern Ireland,Mourne
DOMMER,18,dommer-2,England,
Doncaster Belles,18,doncaster-belles-3885e38a,England,Doncaster
FC Newcraighall,18,daniel-swanson,Scotland,Newcraighall
Cullercoats FC,18,cullercoats-football-club-52fa42f0,England,Cullercoats
Alresford Rugby Club.,18,alresford-rugby-club,England,Alresford
Ely Valley Hawks,18,ely-valley-jfc,England,
Marton Furness,18,marton-furness,England,
Beaumont School,18,beaumont-school,England,
Havant & Waterlooville,18,havant-waterlooville-edfd563a,England,Havant
Chelmsford Youth Lacrosse,18,chelmsford-youth-lacrosse,England,Chelmsford
Chelsea FFC SPARASHOLT COLLEGE WINCHESTER,18,chelsea-ffc-sparasholt-college-winchester,England,Winchester (Likely a partnership between Chelsea and Sparsholt College)
City Of London,18,city-of-london,England,League unknown
Bath Girls Soccer,18,bass-girls-soccer,England,
Belleek GAA,18,belleek-gaa,Northern Ireland,Gaelic Athletic Association
Crosfields ARLFC,18,crosfields-arlfc-344c4756,England,
Bingham RFC,18,bingham-rugby-club,England,Bingham
FC Bristol,18,fc-bristol-f54b0668,England,Bristol
bedford high school,18,bedford-high-school-513984de,England,High School
Hartley Wintney FC U12 Kites,18,w-model-management-ltd,England,Hartley Wintney
Bishops Stortford Rugby Football Club,18,bishops-stortford-rugby-football-club-7e1f6c5b,England,Bishop's Stortford
Bedford Blues Junior Rugby Club,18,bedford-blues-junior-rugby-club,England,Junior Rugby Club
Bracknell Forest FC,18,bracknell-forest-fc,England,Bracknell
Larne fc,18,larne-fc-1ba3b8fe,Northern Ireland,
CAFC,18,carshalton-athletic-fc-1ffe9ca4,England,
Ackworth Girls FC,18,ackworth-girls-fc,England,Ackworth
Bredhurst FC,18,bredhurst-fc-908cef1b,England,Bredhurst
Cobham Sports FC,18,merley-cobham-sports-fc,England,Cobham
Brackley Town FC - U11,18,brackley-town-fc-lions,England,Brackley
Aylestone Park Boys,18,aylestone-park-boys-ab0346f0,England,Boys team
Congleton Town Juniors,18,congleton-town-juniors-u13-blacks,England,Congleton
BMSF  PEFA,18,le-blanc-mesnil,England,
Horndean United FC,18,horndean-united-football-club,England,Horndean
Laxton Junior School,17,laxton-junior-school,England,
Lichfield City Ladies,17,lichfield-city-ladies-42e8c2d5,England,Lichfield
BWB (Bath and Wilts Schools),17,bwb-bath-and-wilts-schools,England,Bath and Wiltshire
Corsham rugby club,17,corsham-rugby-club,England,Corsham
Hutton hawks,17,hutton-hawks-19241591,England,Essex (likely)
Corinthian Casuals U15 Whites,17,corinthian-casuals-u15-whites,England,Tolworth
Aveley United FC Youth,17,aveley-united-fc-youth,England,Youth team
Bristol Storm,17,bristol-storm-e99fc06c,England,Bristol
Coney Hall U11 JNR Lions,17,coney-hall-youth-u11-jnr-lions-football-club,England,London
Henley Hockey Club,17,henley-hockey-club-507708ca,England,Henley-on-Thames
Erne Wanderers FC,17,erne-wanderers-fc,Northern Ireland,
Gateshead Fell CFC,17,gateshead-fell-cfc,England,Gateshead
Dundela Academy,17,dundela-academy,Northern Ireland,Belfast
Henbury & Rockleaze First FC,17,henbury-rockleaze-fc-a367b5a6,England,Bristol
Chase Side Youth U15,17,real-trading-ltd,England,(More information needed)
Bishop,17,bishop-fde99e2c,England,
Golborne Sports,17,newton-aces-under-15s,England,
Easterhouse U20s,17,easterhouse-football-academy-8842885e,Scotland,Easterhouse
Limavady Wolfhounds GAC,17,limavady-wolfhounds-gac,Northern Ireland,Limavady
Hatfield Peverel,17,hatfield-peverel-1dfce571,England,
FC MARYLEBONE ACADEMY,17,fc-marylebone-academy,England,Marylebone
Chasetown YDP U12,17,chasetown-ydp-u12,England,Chasetown
Dyce Boys Club 2013’s,17,dyce-boys-2013s,Scotland,Dyce
Bretforton FC,17,bretforton-fc,England,Bretforton
Brook House FC,17,brook-house-1eb54ae7,England,
Kiveton Miners Welfare,17,kiveton-miners-welfare,England,Kiveton
Lancing Football club,17,lancing-football-club,England,
Ickenham Youth,17,ickenham-youth-5575b414,England,Ickenham
Ickenham Youth,17,ickenham-youth-5575b414,England,Ickenham
Rushall Olympic,17,dan-lomas,England,Rushall
Lifton,17,lifton-football-club,England,Lifton
Herts Rugby,17,hertfordshire-rfu,England,
Hall Green United Juniors Football Club,17,hall-green-united-juniors-football-club,England,Hall Green
Brentwood Youth,17,brentwood-youth-football-club,England,Brentwood
Hull Wyke,17,hull-wyke-rugby-league,England,Hull
Fleetwood Town Wrens,17,fleetwood-town-wrens-lfc,England,Fleetwood
Dover Rangers FC,17,dover-rangers-football-club,England,Dover
Dover House,17,dover-house,England,
Buckhurst Hill Football Club,17,buckhurst-hill-football-club-986c929d,England,Buckhurst Hill
Didsbury Northern,17,didsbury-northern-hockey-club,England,Didsbury
Doucet,17,doucet,England,
Dunses Disciple,16,viktor-julius-club,England,
Banstead Village,16,banstead-village-football-club,England,
Billericay Town Colts U10,16,billericay-town-colts-u10,England,Colts U10
Bishops Stortford FC Academy,16,liam-foster,England,Bishop's Stortford
Donges football club,16,donges-football-club-34d6eff3,England,
Basing Hill Football Club,16,basing-hill-football-club,England,
Falmouth RFC,16,falmouth-rugby-football-club,England,Falmouth
Ashtead All Stars,16,ashtead-all-stars,England,
Do Not use,16,premier-u13-girls-white,England,
Dungannon,16,dubgannon,Northern Ireland,Dungannon
King's College London RFC,16,kings-college-london-rfc,England,London
Mellish RFC (Ladies),16,mellish-rfc,England,Mellish
Glasgow Raptors,16,glasgow-raptors,Scotland,
Bromsgrove Hockey Club,16,bromsgrove-hockey-club,England,Bromsgrove
Kingswood Terriers Football Club CIC,16,kingswood-terriers-football-club-cic,England,
Bourne Canalmen,16,bourne-canalmen,England,Bourne
Bootle FC,16,bootle-fc-under-16,England,Bootle
Bootle FC,16,bootle-fc-under-16,England,Bootle
Hertfordshire Schools FA,16,hertfordshire-schools-fa-5d517675,England,
Allscott Sports Club Ltd,16,allscott-sports-club-ltd,England,Telford
Enfield FC,16,enfield-football-club-cda028e0,England,Enfield
Ferryhill Town Youth F.C,16,ferryhill-town-youth-fc,England,Ferryhill
Fleet Town Colts FC,16,farnborough-football-club-2,England,Fleet
Kidsgrove DNA,16,dna-academy,England,Kidsgrove
Lichfield Hockey Club,16,lichfield-hockey-club-2249fcb5,England,Lichfield
Milton FC,16,milton-fc,England,Milton Keynes
King's College,16,kings-college-368a3e1d,England,
Bromley Football Club,16,bromley-football-club-203d5576,England,Bromley
GNG Oadby Town FC,16,gng-oadby-town-fc,England,
Hendon Rugby Club,16,hendon-rugby-football-club,England,Hendon
Bury Town Community FC,16,bury-town-community-fc-u16,England,Bury St Edmunds
ebbsfleet united,16,ebbsfleet-united-0312d787,England,
Alnwick Town Juniors,16,alnwick-juniors-football-club-fc,England,Alnwick
Eckington boys under 8,16,eckington-boys-and-belles-football-club,England,Eckington
Edgware & Kingsbury,16,edgware-kingsbury,England,Edgware
Blackburn Rovers U21,16,blackburn-rovers-u21,England,Blackburn
Barnard Castle School Netball,16,barnard-castle-school-b5ce1e00,England,
AFC Cheltenham,16,afc-cheltenham,England,Cheltenham
AFC Central South Clubhouse,16,networx,England,
Chelmsford City Girls FC,16,chelmsford-city-girls-fc,England,Chelmsford
Latics Women,16,wigan-athletic-ladies-football-club,England,Women
Holme Grange School,15,holme-grange-school,England,
Ardboe O'Donovan Rossa GFC,15,ardboe-odonovan-rossa-gfc,Northern Ireland,Ardboe
Kinawley Brian Borus,15,kinawley-brian-borus-gaelic-football-club-27205756,Northern Ireland,Kinawley
Ampleforth College,15,ampleforth-college-10fc26f9,England,Ampleforth
Cobham FC Under23s,15,communities-first,England,Cobham
Farnham RUFC girls section,15,farnham-rufc-girls-section,England,Farnham
FC Bracknell,15,fc-bracknell-33e580fe,England,Bracknell
Lane Head Fusion Girls,15,lane-head-fusion-girls,England,
Hackney WFC,15,hackney-wfc,England,Hackney
athena-glasgow-women-girls-football-academy,15,athena-glasgow-women-girls-football-academy,Scotland,Glasgow
Eling Ladies FC,15,eling-ladies-fc,England,Eling
Dundonald FC,15,dundonald-fc-2e4ee529,Northern Ireland,Dundonald
Charlton Park RFC,15,charlton-park-rugby-club,England,London (Charlton)
Belstone FC,15,belstone-fc-19b6ad3e,England,Football Club
Bishop Juniors/Shildon,15,crook-town-football-club,England,Shildon
Mitcham park fc,15,mitcham-park-fc-25385934,England,Mitcham
Bangor Saints Football Club,15,cpdi-seintiau-bangor-saints-fc,Northern Ireland,Bangor
Barts and The London RFC,15,barts-and-the-london-rugby-club,England,
Basingstoke Town u14,15,basingstoke-town-u14,England,
Abbey lane jfc,15,abbey-lane-jfc-070c121c,England,
Milton Keynes Hockey Club,15,milton-keynes-hockey-club,England,Milton Keynes
Doyle's,15,nortac-sparta,England,
Cray Wanderers Cobras U8,15,g-j-wisdom-co-auctioneers-valuers,England,Crayford
Henry Joy McCracken's Moneymore,15,henry-joy-mccrackens-moneymore,Northern Ireland,Moneymore
Maldon Hockey Club,15,maldon-hockey-club,England,Maldon
Blyth Town Football Club,15,blyth-town-football-club-bb66c2fa,England,Blyth
Essex Minors Hornchurch,15,emh,England,
AFC Gornal,15,afc-gornal,England,Gornal
Exeter athletic rfc,15,exeter-athletic-rfc,England,
Coltness United AFC,15,coltness-united-afc,Scotland,Coltness
Molesey Raptors,15,molesey-raptors,England,Molesey
Leicestershire RFU,15,leicester-rfu,England,Leicestershire
Dominguez Cordero,15,dominguez-cordero-5c76cd0c,England,
Drillers (Tennant),15,drillers-tennant,England,
Brighouse Sports FC,15,brighouse-sports-rugby-club,England,Brighouse
Godalming College1,15,godalming-college-721e2607,England,
Buckhurst Hill,15,buckhurst-hill-b18a94a4,England,Buckhurst Hill
Cornard United,15,cornard-united,England,Cornard
Codicote Fc,15,codicote-fc,England,Codicote
Hillmorton FC,14,hillmorton-fc,England,Hillmorton
Muirkirk Junior FC,14,muirkirk-junior-fc,Scotland,Muirkirk
Basildon Town FC,14,basildon-town-fc-4ce3494a,England,
Cheshunt Fc,14,cheshunt-fc-56ef38e1,England,Cheshunt
Cheshunt Fc,14,cheshunt-fc-56ef38e1,England,Cheshunt
All Hallows Catholic College,14,all-hallows-catholic-college,England,London
Dings Rugby,14,rugby-05fcc530,England,
Chichester Hockey Club,14,chichester-hockey-club-28e6c01f,England,Chichester
Chipping Campden School,14,chipping-campden-school,England,Chipping Campden
Chislehurst Wanderers FC Limited,14,chislehurst-wanderers-fc-limited,England,Chislehurst
Chiswick Celtic,14,chiswick-celtic-fc,England,Chiswick
Claygate Royals Hounds,14,claygate-royals-80bdcded,England,Claygate
City of Stoke FC,14,city-of-stoke-football-club-27d3e7ae,England,Stoke-on-Trent
Eckington Boys,14,eckington-boys-ed7a2519,England,Eckington
Eckington Boys,14,eckington-boys-ed7a2519,England,Eckington
Doty FC,14,doty-fc,England,
Glasgow harp,14,danty-building-projects-ltd,Scotland,
Aylesbury Vale Dynamos,14,southam-albion-fc,England,Aylesbury
Esher,14,esher-a1b30c1f,England,
Bromley Rugby Football Club,14,bromley-rugby-football-club-8851a144,England,Bromley
Bromsgrove Sporting U21,14,football-team-1041048a,England,Bromsgrove
Herne Bay Youth FC,14,herne-bay-youth-fc,England,Herne Bay
Calne Town Ladies FC,14,calne-town-ladies-fc,England,Calne
Cambridge City U15 JPL,14,new-carpentry-ltd-fcc21cda,England,Cambridge
Hawkwell Hawks,14,hawkwell-hawks,England,Hawkwell
Hayes and Yeading United (U16 Womens),14,hayes-and-yeading-united-u16-womens,England,Hayes
Cramlington Village FC,14,cramlington-village-football-club,England,Cramlington
Middlesbrough College 1st and 2nds,14,middlesbrough-college-pro16,England,Middlesbrough
AFC Lewisham,14,afc-lewisham-4a3590be,England,Lewisham
Hyde United FC Juniors,14,hyde-united-fc-away,England,Hyde
Kent FA,14,kent-county-football-association,England,
Croydon,14,croydon-fc-9207897d,England,Croydon
Croydon High School,14,croydon-high-school,England,Croydon
Leighton United FC,14,leighton-united-fc-30f456b8,England,Leighton Buzzard
Derrygonnelly Harps Ladies,14,derrygonnelly-harps-f915134d,Northern Ireland,
Beckenham Rugby Club,14,beckenham-rugby-club,England,Rugby Club
Matlock Town,14,matlock-town-football-club,England,Matlock
Bolehall Swifts,14,atherstone-rangers-falcons,England,Bolehall
Harlow Hill FC,14,harlow-hill-fc,England,Harlow
AFC Aldermaston First Team,14,afc-aldermaston-2c54cf5f,England,Aldermaston
Aldro School,14,aldro-school,England,
Eckington Boys,14,eckington-boys-ed7a2519,England,Eckington
Drumchapel utd 2010,14,drumchapel-utd-3ada0539,Scotland,Drumchapel
Albion Rovers,14,albion-rovers-7e3e03a9,Scotland,
Helston Athletic,14,helston-athletic,England,Helston
Hamsey Rangers Football Club,14,hamsey-rangers-phoenix,England,Hamsey
Crieff and Strathearn Rugby Club,14,crieff-and-strathearn-rugby-club,Scotland,Crieff
Hinckley HRFC,14,hinckley-rugby-football-club-0809,England,Hinckley
Ivybridge Town Football Club,14,ivybridge-town-football-club,England,Ivybridge
Burnley Tornados,14,burnley-tornados,England,Burnley
King James I Academy (Shildon Sports Academy),13,king-james-i-academy-shildon-sports-academy,England,Shildon
Kingsclere,13,kingsclere-rfc,England,Kingsclere
Burpham FC,13,burpham-fc,England,Burpham
Fc darlaston,13,fc-darlaston-3aa2be91,England,Darlaston
Cammell Laird FC,13,cammell-laird-fc,England,Birkenhead
Buckingham HC,13,buckingham-hockey-club,England,Buckingham
Bishop Luffa School,13,bishop-luffa-school,England,
Bishops Waltham Dynamos,13,bishops-waltham-dynamos-0dc71716,England,Bishops Waltham
Fairford Youth Football Club,13,fairford-youth-football-club-78ea5c18,England,Fairford
Birmingham City,13,birmingham-city-139175bd,England,Birmingham
Birmingham City,13,birmingham-city-139175bd,England,Birmingham
Barking FC Women,13,aveley-football-club,England,
Lewisham Borough Youth FC,13,lewisham-borough-youth-fc,England,Lewisham
Halton Hawks FC,13,halton-hawks-fc-3290f335,England,Halton
Larkhall Thistle Community FC 2015s,13,larkhall-thistle-community-fc-2015s,Scotland,
Ebbsfleet,13,ebbsfleet,England,
Ebbsfleet,13,ebbsfleet,England,
Ebbsfleet,13,ebbsfleet,England,
Eccleshall FC,13,eccleshall-fc-sports-foundation-limited,England,Eccleshall
Hendon,13,hendon-8a422cfa,England,
Bolton United FC,13,bolton-united-football-club,England,Bolton
East Fife 2012s,13,east-fife-community-fc-2012,Scotland,East Fife
Market bosworth rfc,13,market-bosworth-rfc,England,Market Bosworth
Elizabeth College,13,elizabeth-college-33d9594c,England,Guernsey
East Bergholt United FC,13,east-bergholt-united-fc,England,East Bergholt
B&DYFL,13,blackpool-district-youth-football-league,England,
Martock roverss,13,martock-rovers-fc,England,Martock
Beaumont Park Puma FC,13,sat,England,
Beccles hornets,13,beccles-town-football-club-dc7c1df5,England,
Dunkirk fc,13,dunkirk-fc-19887773,England,Dunkirk
DOCA,13,doca-sports,England,
Dommer,13,dommer-12,England,
Hendon,13,hendon-8a422cfa,England,
Knowsley St Helens SFA,13,service-electrical-distributors,England,Knowsley
Aylesbury RFC,13,aylesbury-rfc-7be78d70,England,Rugby club
Abbey Youth,13,abbey-youth-8fa0a849,England,
Bath Ladies,13,winscombe-a602b251,England,
Bure valley,13,bure-valley-ba785bf8,England,
Burlington Football Club,13,burlington-football-club-bcdb8d4d,England,Burlington
County in the Community,13,county-in-the-community-6291e89b,England,
DLFC/Tamworth,13,dlfctamworth,England,Tamworth
Doncaster Knights,13,doncaster-knights-70bfabb9,England,Doncaster
Elgin City FC Women,13,elgin-city-fc-women,Scotland,Elgin
Goffs Oak Girls u14’s JPL Warriors,13,mark-klendjian,England,
Cheshunt U12 Blues,13,cheshunt-u12-blues,England,Cheshunt
Hashtag United Youth U11 Yellows,13,hashtag-united-youth-u11-yellows,England,
Hartford Wanderers RFC,13,hartford-wanderers-rfc,England,Hartford
Belfast Royal Academy,13,belfast-royal-academy,Northern Ireland,Royal Academy
Musselburgh Youth Rugby,13,musselburgh-youth-rugby,Scotland,Musselburgh
Colchester United,13,colchester-united-fd93b643,England,Colchester
Coleraine Rugby Club,13,coleraine-rugby-club,Northern Ireland,Coleraine
Bournemouth Poppies fc,12,bournemouth-poppies-fc-033219d9,England,Bournemouth
Bottesford FC,12,bottesford-fc,England,Bottesford
Bourne Town FC,12,bourne-town-fc,England,Bourne
Bowers & Pitsea U12,12,bowers-pitsea-05b856ea,England,Basildon
Hutton Under 11s,12,hutton-under-11s,England,Essex (likely)
Halton farnworth hornets,12,halton-farnworth-hornets-0d8f627f,England,Halton
Cambridge Academy,12,cambridge-cats-basketball-club,England,Cambridge
Belfast,12,belfast-rugby-club,Northern Ireland,
Bedford central,12,bedford-central,England,
Beeston Cosa Nostra,12,beeston-cosa-nostra,England,
Cheadle and Gatley JFC,12,cheadle-and-gatley-jfc,England,Cheadle and Gatley
Congleton Town U12 Black,12,congleton-town-u12-black,England,Congleton
Keyworth United,12,keyworth-united,England,
Malone Panthers 5th/6th Gray,12,malone-panthers-5th6th-gray,Northern Ireland,Belfast (likely)
Enniskillen Athletic FC,12,enniskillen-athletic-football-club,Northern Ireland,Enniskillen
Atherton colleries,12,atherton-colleries-1b5fe770,England,Atherton
Glasgow Wellington,12,glasgow-wellington-fc,Scotland,
Scotland GAA Men,12,gaa-in-scotland,Scotland,
Bromley RFC,12,bromley-rugby-football-club-eb6ba055,England,Bromley
Hutchison Vale,12,hutchison-vale-2a540eca,Scotland,Glasgow (likely)
Hutchison Vale,12,hutchison-vale-2a540eca,Scotland,Glasgow (likely)
Kewford Eagles North,12,kewford-eagles-north,England,
DSSi-HOLT,12,dacha-ssi,England,
AFC Wembley,12,athletic-football-club-wembley,England,Wembley
Dunbar,12,dunbar-rovers-fc,Scotland,Dunbar
Felixstowe FC,12,felix-stowe-fc,England,
Moira FC,12,moira-fc,Northern Ireland,Moira
Dave Plowright FA CORE COACH,12,dave-plowright,England,
Bristol Telephone Area RFC,12,bristol-telephone-area-rfc-41a2db7e,England,Bristol
Eldwick Juniors Football Club,12,eldwick-juniors-football-club,England,Eldwick
Drew Dixon,12,drew-dixon,England,
East Riding FA,12,east-riding-fa,England,
AFC Bexley,12,afc-bexley-055f2c00,England,Bexley
Doncaster Rovers Belles LFC,12,doncaster-rovers-belles-lfc,England,Doncaster
Castlecroft Rangers,12,castlecroft-rangers,England,
Bedale Juniors Football Club,12,bedale-juniors-football-club,England,Juniors Football Club
Blackpool Rugby Club,12,blackpool-rugby-club,England,Blackpool
Marine Academy Plymouth Football Club,12,map-juniors-fc,England,Plymouth
EAST GRINSTEAD RFC,12,east-grinstead-rugby-football-club,England,East Grinstead
East Grinstead,12,east-grinstead-town-14,England,East Grinstead
Leek Town,12,leek-town-f5cced7c,England,
Crawley rfc,12,crawley-rugby-football-club-9e47e1fa,England,Crawley
Heart of Midlothian FC,12,heart-of-midlothian-fc-d819afdf,Scotland,Edinburgh
Manchester celtic,12,wythenshawe-celtic,England,Manchester
Keyworth United,12,keyworth-united,England,
Horden,12,east-durham-football-club-ladies,England,Horden
Coventry City WGFC,12,coventry-city-wgfc-ca3975c5,England,Coventry
Coventry copsewood,12,coventry-copsewood-b22c8671,England,Coventry
Bramley Buffaloes,12,bramley-rugby-league-community-club-ltd,England,Bramley
Irlam vale,12,irlam-vale,England,Irlam
SJR WORKSOP FC,12,andrew-guest,England,Worksop
Hanwell Town FC,12,hanwell-town-fc,England,Hanwell
BBCF,11,bristol-bears-community-foundation,England,Bristol
Bowers and Pitsea LFC,11,bowers-and-pitsea-fc-a8e759e6,England,Basildon
Lancaster Women’s Rugby,11,lancaster-womens-rugby-union,England,Women's Rugby
Billingshurst Youth FC,11,big-fc-9ce63c9f,England,Youth FC
Milton United Ladies,11,congleton-town-football-club-aaebe88c,England,Milton Keynes
Brunel Burners,11,brunel-american-football,England,
CMB Partners UK Ltd,11,cmb-partners-uk-ltd,England,
Hiltop FC,11,hiltop-fc,England,Hiltop
Datchworth Rugby Club,11,datchworth-rugby-club-8f299240,England,Datchworth
Dromore High Rugby`,11,dromore-high-school,Northern Ireland,Dromore
Castle School Education Trust,11,castle-school-education-trust,England,
Epping Rugby Club,11,epping-rugby-club,England,
Airdrie Pumas,11,airdrie-pumas-73f4cf20,Scotland,Airdrie
Market Drayton,11,market-drayton-22,England,
Market Drayton,11,market-drayton-22,England,
Market Drayton,11,market-drayton-22,England,
Mickleover RBL Lions,11,mickleover,England,Mickleover
DSRFC U16,11,devonport-services-u16,England,Devonport
Ellesmere Port Rangers,11,ellesmere-port-rangers,England,Ellesmere Port
Amateur FA,11,amateur-football-association,England,
Hawick Rugby Football Club,11,hawick-rugby-football-club,Scotland,Hawick
Dagenham Park,11,dagenham-park-8249e0fe,England,Dagenham
Castleford RUFC,11,castleford-rufc,England,
Bardsey Warriors,11,bardsey-warriors,England,
Dosthill Colts,11,dosthill-colts,England,Dosthill
Eccleshall RUFC v2,11,eccleshall-rufc-307ea6b5,England,Eccleshall
Ashford,11,ashford-rugby-club-2,England,
Ashford School,11,ashford-school,England,
Brocton,11,brocton,England,
Brocton,11,brocton,England,
Cheltenham Town Ladies,11,cheltenham-town-women-fc,England,Cheltenham
Golborne Parkside,11,golborne-parkside-8b67ca8d,England,
Golborne Parkside,11,golborne-parkside-8b67ca8d,England,
Lurgan College Hockey Club,11,lurgan-college-hockey-club,Northern Ireland,Lurgan
Layer Colts,11,layer-colts-youth-football-club,England,
Millwall Lionesses,11,millwall-lionesses-84265dbb,England,London
Millwall Lionesses,11,millwall-lionesses-84265dbb,England,London
Denmead FC,11,denmead-fc-d399307b,England,Denmead
Derrygonnelly harps,11,derrygonnelly-harps-0d3df33f,Northern Ireland,
Berkswich Rangers u9,11,berkswich-b6fcbc48,England,u9
🏀 Bedford Hoopers,11,bedford-hoopers,England,Hoopers
Hatfield Queen Elizabeth RFC,11,hatfield-queen-elizabeth-rfc,England,Hatfield
Claydon FC,11,claydon-fc-1d745f44,England,Claydon
BM Foods Limited,11,bm-foods-limited,England,
Bohunt School Worthing,11,bohunt-school-worthing,England,Worthing
Camberwell,11,camberwell-dragons,England,Camberwell
Camberwell,11,camberwell-dragons,England,Camberwell
Brocton,11,brocton,England,
Brighton College Hockey,11,brighton-college-hockey,England,Brighton
Burnley College,11,burnley-college,England,Burnley
Heslerton JFC,11,heslerton-junior-football-club,England,Heslerton
Brampton Manor,10,brampton-manor-academy,England,Brampton
BRENTFORD FC WOMENS 1ST TEAM,10,brentford-fc-womens-1st-team,England,Brentford
Highland Rugby Club,10,highland-rugby-club-da09f30d,Scotland,Highland
Colchester United,10,kieran-michaels,England,Colchester
Alvechurch Foundation U10's (Girls) SM,10,alvechurch-foundation-u10s-girls-sm,England,Alvechurch
Honiton Rugby Club,10,honiton-rugby-club,England,Honiton
LFC,10,jatagi-fc,England,Liverpool Football Club (Likely)
Ballers of London,10,ballers-of-london,England,London
Abbey Villa SC,10,abbey-villa-soccer-club,England,
Barnsley Women U23s,10,charnock-ridgeway-db6f6eda,England,
Barrow Celtic FC,10,barrow-celtic,England,
Curzon Ashton,10,curzon-ashton-b0a63f11,England,Ashton-under-Lyne
Lawrence Sheriff School,10,lawrence-sheriff-school-d206b85a,England,
Eddlewood FC 2012,10,eddlewood-football-club,Scotland,
Leicester Lions,10,leicester-lions-rfc,England,Leicester
AFCB,10,afc-bournemouth-5,England,AFC Bournemouth (Likely)
Abbeyview fc,10,antrim-eagles,Scotland,
Elburton Villa FC Girls,10,swift-football-club,England,Elburton
Blackburn Rovers Community Trust,10,blackburn-rovers-community-trust,England,Blackburn
blackpool,10,blackpoll-18,England,Blackpool
Droitwich Rugby Football Club,10,droitwich-rugby-football-club-a62bc610,England,Droitwich
Castlemilk Dynamo,10,castlemilk-dynamo,Scotland,
Caterham Pumas,10,caterham-pumas-b8500f2e,England,
Leather England Ltd,10,leather-england-ltd,England,
Wanderers,10,bolton-wanderers-13,England,Bolton
Ambleside Rugby Union Football Club,10,ambleside-rugby-union-football-club,England,Ambleside
AFC Ewell,10,afc-ewell-1c1eb0cd,England,Ewell
AFC Ewell,10,afc-ewell-1c1eb0cd,England,Ewell
Dunstable Town FC,10,dunstable-town-fc-95e1cba3,England,Dunstable
ALPERTON FC,10,wembley-fc,England,Alperton
Amersham & Chiltern RFC U12,10,hartley-ross,England,Amersham
Lurgan Hockey Club,10,lurgan-ladies-hockey-club,Northern Ireland,Lurgan
inter cranham,10,inter-cranham,England,Cranham
Exmouth,10,exmouth-rugby-club-a649166d,England,
Cambusnethan Talbot 2011's,10,cambusnethan-talbot-2011s,Scotland,Wishaw
Lancaster City,10,lancaster-city-fc-4e17bfef,England,
Lancaster University Students Union,10,lancaster-university-students-union,England,Students Union
Bosauder FC,10,bosauder-football-club,England,
Belper Hockey Club,10,carter-construction-ltd,England,Hockey Club
Bridgwater United Ladies,10,bridgwater-united-ladies,England,Bridgwater
Horwich RMI FC,10,horwich-rmi-fc,England,Horwich
Hull Ionians RUFC,10,hull-ionians-rufc,England,Hull
Kilmarnock,10,kilmarnock,Scotland,Kilmarnock
AKS Lytham,10,aks-lytham,England,Lytham St Annes
Highfield Rugby Club,10,highfield-rugby-football-club,England,Highfield
Collier Row,10,collier-row,England,Collier Row
