Club Name,Recordings,Club Identifier,Country,Additional Info
Chesterfield HC (official),99,chesterfield-hc-official,England,Chesterfield
White City Football Club,99,milan-susak,England,White City
King Edward’s School,99,king-edwards-school-066c2d11,England,
The Darts U9,99,dartford-u9-black,England,Dartford
Aberdeen Futsal Academy,99,aberdeen-futsal-academy,Scotland,Aberdeen
Drumchapel United,99,drumchapel-united-fc-28ac7ad8,Scotland,Drumchapel
Mancunian Unity,99,mancunian-unity-womens-fc,England,Manchester
Barnes RFC,99,barnes-rugby-football-club,England,
Gedling Tigers,99,gedling-tigers,England,Gedling
Bristol Hockey,99,bristol-hockey,England,Bristol
Leamington RFC,99,leamington-rugby-club,England,Rugby Football Club
Holt Athletic FC,99,holt-fc,England,Holt
AFC Varsity,99,afc-varsity,England,
Essex,98,essex,England,
Corfe Mullen,98,innvo8-sports,England,
Colchester,98,colchester-rugby-football-club,England,Colchester
Bath City Academy,98,james-moon,England,
Douglas Villa AFC,98,douglas-villa-afc,England,Douglas
Charnock Richard Football Club u21s,98,coppull-united,England,Charnock Richard
Berwick Rangers,98,kevin-16,Scotland,
Halse United FC,98,halse-united-football-club,England,Halse
Cheshire FA,98,cheshire-football-association,England,Cheshire
Leek Town FC Ladies,98,leek-town-fc-ladies,England,Ladies
Bristol United,98,bristol-united-football-club,England,Bristol
Ellon RC,97,ellon-rugby-club-67bf54e1,Scotland,Ellon
AFC Minster,97,afc-minster,England,Minster
Leicester Grammar School,97,leicester-grammar-school-749d76e6,England,Leicester
Clydebank RFC,97,robin-14,Scotland,Clydebank
Bognor Regis Town FC,97,bognor-regis-town-football-club-develpment-centre,England,Bognor Regis
Bedford Ath,97,bedford-athletic-rugby-union-football-club,England,Athletic
Brighton and Hove Hockey Club,97,bahhc,England,Hockey Club
DSSC Competitive,96,dssc-competitive,England,
Crusaders Soccer Club,96,crusaders-soccer-club-c4ec4a70,Northern Ireland,Belfast
CB hounslow,96,cb-hounslow-football-club,England,
Caterham FC,96,caterham-football-club,England,
Colne Football Club,96,colne-football-club,England,Colne
Aylesbury Vale Dynamos FC,96,aylesbury-vale-dynamos-football-club,England,Aylesbury
Blair,96,hollands-and-blair,Scotland,
FC Wilts,96,fc-wiltshire,England,
Bovey Tracey,96,bovey-tracey-afc,England,Bovey Tracey
Bredon AFC,96,bredon-afc,England,Bredon
Burscough Dynamo,96,burscough-dynamo-2,England,Burscough
Basing Royals,96,basing-royals-fc,England,
Douglas Amateurs,96,douglas-amateurs-football-club,England,Douglas
Crowborough RFC,96,crowborough-rugby-club,England,Crowborough
Ashton Bears ARLFC,96,ashton-bears-arlfc,England,Rugby league club
Crowborough RFC,96,crowborough-rugby-club,England,Crowborough
Dunstable,96,bedfordshire-fa-dunstable,England,Dunstable
Letham FC,95,newburgh-juniors-fc,Scotland,Letham
Sarries,95,exeter-saracens-rfc,England,Saracens
Cleckheaton Rugby Club,95,cleckheaton-rugby-club,England,Cleckheaton
City of York HC,95,city-of-york-hockey-club-2,England,York
Donnelly,95,donnelly-9f21e635,England,
Dream Cam 12,95,blue-orange-dec-2024,England,
Belfast Ravens,95,belfast-ravens-football-club,Northern Ireland,Ravens
Caledonian Locomotives Football Club,95,clfc,Scotland,(needs more info)
Bede's,95,bedes-school-3,England,
Kelty Hearts Community Football Club,95,kelty-hearts-community-football-club,Scotland,
Abbey FC,95,abbey-fc,England,
Belper Town,95,belper-town-football-club-ae0c569d,England,
Dundee & Angus College,95,dundee-angus-college,Scotland,Dundee
Leafield Athletic FC,95,leafield,England,
Atherstone Rangers,95,atherstone-rangers-junior-football-club-11c61de8,England,Atherstone
Dollard Soccer Club,95,mario-dotolo-3,England,
DCFCW,95,derby-county-women,England,Derby
Diss Town Football Club,95,diss-town-football-club-dada2cf6,England,Diss
Dover Rugby Football Club,95,dover-rugby-football-club-2,England,Dover
Kingswood Utd,95,kingswood-united-fc,England,
Norfolk Football Ltd,95,norfolk-football-ltd,England,Norfolk
HEYBRIDGE SWIFTS EJA,94,eight-ash-green,England,Heybridge
Bridon Ropes FC,94,bridon-ropes-fc-reserves,England,
Birchwood Juniors,94,birchwood-juniors-34547c45,England,
Drumchapel United Saturday morning,94,drumchapel-united-saturday-morning,Scotland,Drumchapel
Tranmere Rovers FC Womens Team,94,marc-joyce,England,Birkenhead
Howfen Hurricanes,94,howfen-hurricanes,England,Howfen
FC ST HELENS,94,fc-st-helens-1ef7ff5d,England,
Claverdon FC,94,claverdon-football-club,England,Claverdon
Anglia Ruskin University,93,anglia-ruskin-university-51a3df2c,England,Cambridge
Basingstoke Hockey Club,93,basingstoke-hockey-club,England,
Chesterfield Women,93,chesterfield-women-11,England,Chesterfield
Atherton Town Football Club,93,atherton-town-football-club,England,Atherton
Meole Brace,93,meole-brace-school,England,Shrewsbury
AFC Ewell Warrior’s U16’s,93,afc-ewell-warriors-u14s,England,Ewell
Burntwood Dragons,93,burntwood-dragons-and-phoenix-football-club,England,Burntwood
Elstead,93,elstead-football-club,England,Elstead
Beaumont Park Jaguars,93,anstey,England,
Biddulph High School,93,biddulph-high-school,England,High School
Aston Youth FC 2013,93,aston-youth-fc-2013,England,
Merseyrail Ladies,93,merseyrail-ladies-fc,England,
Darvel FC,93,fives-yardley,Scotland,Darvel
Darvel FC,93,fives-yardley,Scotland,Darvel
Knockbreda FC 2012,93,dungoyne-2012-colts-c94cec4f,Northern Ireland,Belfast
Bridgwater United FC,93,yeovil-united-football-club,England,Bridgwater
Haywards Heath Town,93,haywards-heath-town,England,Haywards Heath
Chelmsford Rugby Football Club U15s VEO,93,chelmsford-rugby-football-club,England,Chelmsford
DOYRMS,93,duke-of-yorks-royal-military-school-c31ef274,England,
Dunblane,93,dunblane-soccer-club,Scotland,Dunblane
Ellingham and Ringwood,93,ellingham-and-ringwood-rugby-football-club,England,Ellingham
MK Athletic FC,92,milton-keynes-athletic-fc,England,Milton Keynes
Arundel FC,92,arundel-football-club-2,England,
Braintree Youth,92,braintree-youth-and-girls-fc,England,Braintree
Carrick Rangers FC,92,carrick-rangers-fc,Northern Ireland,
Leigh miners American football team,92,leigh-miners-american-football-team,England,Leigh
Exeter City Women,92,exeter-city-women,England,
Market Bosworth RFC,92,market-bosworth-rugby-football-club,England,Market Bosworth
Collingham,92,collingham-juniors,England,Collingham
Chelmsford Rugby Club,92,chelmsford-rugby-club-f9de7ea9,England,Chelmsford
Southend United,92,gretna-2008,England,Southend-on-Sea
Coalville Town FC,92,anstey-nomads-football-club-a359f3bb,England,Coalville
Bloxham School,92,bloxham-school-2,England,Bloxham
Brightlingsea Regent FC,92,brightlingsea-regent-fc,England,Brightlingsea
Epping Rugby,92,epping-upper-clapton-rugby-club,England,
CLIFTON RFC,92,clifton-rugby-football-club,England,Clifton
Cumnor Minors FC,91,cumnor-minors-fc,England,Cumnor
Exeter RTC,91,exeter-regional-talent-centre,England,
AFC Bolton,91,afc-bolton,England,Bolton
Lakelands FC,91,lakelands-football-club,England,
Chaddesley Ravens,91,chaddesley-ravens-u10-mjpl,England,Chaddesley Corbett
ACS Hillingdon International School,91,acs-hillingdon-international-school,England,Hillingdon
Effingham United,91,effingham-united-soccer-club,England,
Derby United,91,derby-united,England,Derby
The Angmering School,91,angmering,England,Angmering
Dunmore RFC,90,dunmore-rugby-football-club,England,
Dromore United,90,dromore-united,Northern Ireland,Dromore
Blundell’s School,90,blundells-school-40f5e591,England,
Chester FC Women,90,chester-fc-women,England,Chester
Billingshurst FC,90,billingshurst-fc-under-18,England,FC
High School of Dundee,90,high-school-of-dundee,Scotland,Dundee
Biggleswade FC,90,biggleswade-fc,England,FC
Michelmersh and Timsbury Youth,90,michelmersh-and-timsbury-youth,England,Michelmersh and Timsbury
Bishop's Stortford College,90,bishops-stortford-college,England,Bishop's Stortford
Molesey Leopards,90,molesey-leopards-1adae335,England,Molesey
George Salter Academy,90,george-salter-football-academy,England,
City of London Academy Southwark,90,cola-southwark-pride,England,London
Exeter School,90,exeter-school,England,
Dalkeith,90,dalkeith-rugby-football-club,Scotland,Dalkeith
Aston Youth FC,90,aston-youth-football-club,England,
Bridport football club,90,bridport-football-club-8f98f1c7,England,Bridport
Moray Girls,90,moray-girls-fc,Scotland,Moray
English Schools' Football Association,90,english-schools-football-association,England,
Hertford Heath,90,hertford-heath-football-club-2,England,Hertford
Magherafelt sky blues,89,magherafelt-sky-blues-fc,Northern Ireland,Magherafelt
Drumragh,89,drumragh-sasfields-gac,Northern Ireland,Drumragh
Fylde HC,89,fylde-hc,England,Fylde
Eschol Park FC,89,eschol-park-fc,England,
Morley Rugby Football Club,89,morley-rugby-football-club-ltd,England,Morley
Durham Johnston Comprehensive,89,durham-johnston-comprehensive,England,Durham
Baldock Town,89,baldock-town-football-club,England,Baldock
Eastbourne RFC,89,eastbourne-rugby-football-club,England,Eastbourne
Maltby juniors,89,maltby-juniors-d735e3e7,England,Maltby
Knowle Lions,89,knowle-fc,England,Solihull
Knowle Football Club,89,knowle-football-club-58c2222f,England,Solihull
Falmouth Town 1st Team,89,falmouth-town-2,England,Falmouth
Hackney RFC,88,hackney-rugby-football-club,England,Hackney
Lenzie,88,lenzie-football-club,Scotland,Lenzie
Avonmouth,88,avonmouth-old-boys-rfc-2a2273a4,England,Avonmouth
Danson,88,danson-sports-1e9cff94,England,Danson
Broughton Park,88,broughton-park-football-club,England,
Freemen's,88,city-of-london-freemens-school-2,England,League unknown
Brackley RUFC,88,brackley-rugby-union-football-club,England,Brackley
Haydon Bridge United,88,haydon-bridge-united-football-club,England,Haydon Bridge
Hampshire United,88,hampshire-united-c5f56066,England,
Bessingby,88,bessingby-park-rangers-4ec17dea,England,
BISC juniors fc,88,bisc-juniors-fc,England,
Headington Youth,88,headington-youth,England,Oxford
Henley Athletic,88,henley-athletic-football-club,England,Henley-on-Thames
Celtic FC,88,celtic-fc-90d9e196,Scotland,Glasgow
Moorside,88,moorside-rangers-football-club,England,Moorside
Hoddesdon,88,hoddesdon-town-youth-39df8cbe,England,Hoddesdon
Exeter College Football Academy,88,exeter-college-football-academy,England,
Cranleigh School,87,cranleigh-school,England,Cranleigh
Barnton,87,barnton-juniors-football-club,England,
Bradford Town FC,87,bradford-town-fc,England,Bradford
AFC Walcountians,87,afc-walcountians-2,England,Walcountians
Baguley Athletic,87,baguley-athletic-football-club,England,Manchester
Lane Head,87,lanehead,England,
Garforth Rangers,87,garforth-rangers-a5ab1d55,England,Garforth
Afc Totton,87,afc-totton-a67d611a,England,Totton
Enfield Town Fc,87,enfield-town-fc-bff60837,England,Enfield
Maghera Strollers,87,maghera-strollers-football-club,Northern Ireland,Maghera
Appledore FC,87,appledore-football-club,England,Appledore
Manchester Gregorians,87,manchester-gregorians,England,Manchester
AFC Crewe,87,afc-crewe-1b954c83,England,Crewe
MKRUFC,87,milton-keynes-rufc,England,Milton Keynes
Beragh Swifts,86,beragh-swifts-football-club,Northern Ireland,Swifts
Bowers & Pitsea,86,bowers-pitsea-9,England,Basildon
Hawkinge Town FC,86,hawkinge,England,Hawkinge
Kennington FC,86,kennington-football-club,England,
Kennington FC,86,kennington-football-club,England,
East Peckham United,86,east-peckham-united-fc,England,East Peckham
Alvechurch Football Club U11's,86,alvechurch-football-club-u11s,England,Alvechurch
KES Bath,86,kes-bath,England,Bath
Abernathy FC,86,abernathy-boys,Scotland,Abernathy
Sport BU,86,adam-tapper,England,Bournemouth
Histon FC,86,histon-eja-u13,England,Histon
Eton College,86,eton-college-rugby-club,England,
DoYMS,86,duke-of-york-military-school,England,
Carlisle,86,carlisle-67736276,England,
Carlisle United U9 - U16's,86,carlisle-united-u9-u16s,England,
Brora,85,brora-rangers-fc,Scotland,
Exmouth Town FC,85,exmouth-town-fc,England,
AFC Gnosall,85,afc-gnosall,England,Gnosall
Ashton & Lionel VEO,85,soccer-de-brazil-a0b7fcb4,England,
The Bees,85,billericay-rugby-football-club,England,
FC Middlewell,85,fc-middlewell-1736f3c9,England,Middlewell
Braintree Rugby Club,85,braintree-rugby-union-football-club,England,Braintree
AFC Dunstable -,85,afc-dunstable-5,England,Dunstable
Heaton Moor RUFC,85,heaton-moor-rugby-union-football-club-2,England,Heaton Moor
Bristol Rovers,85,bristol-rovers-football-club,England,Bristol
Coventry Phoenix Sporting,85,coventry-phoenix-sporting,England,Coventry
Bournemouth,84,bournemouth-rfc,England,Bournemouth
Barrow Town FC,84,robert-veo,England,
Elsecar Main,84,elsecar-main-fc,England,Elsecar
Hornchurch FC,84,hornchurch-football-club-633f92c7,England,Hornchurch
Ashcott FC,84,ashcott-football-club,England,
Lambeth Tigers FC,84,lambeth-tigers-football-club,England,
Ashley Down,84,ashley-down-old-boys-rfc,England,
Keswick RFC,84,keswick-rugby-football-club,England,
Burgess Hill RFC,84,burgess-hill-rfc,England,Burgess Hill
Chinnor Rugby Football Club,84,stewart-yates,England,Chinnor
CWS LACKEY,84,cws-lackey,England,
Danson Sports MDYL,84,danson-sports-mdyl,England,Danson
Bromsgrove School,84,bromsgrove-school,England,Bromsgrove
Cambridge South Hockey Club,84,cambridge-south-hockey-club-d4b05a62,England,Cambridge
Christleton new scene,84,christleton-new-scene-football-club,England,Christleton
Folly Lane ARLFC,84,folly-lane-arlfc,England,likely amateur Rugby League Football Club
Crawley and Maidenbower Panthers FC,84,crawley-maidenbower-panthers-39c29116,England,Crawley
The Medda,84,irvine-meadow-xi-fc,Scotland,Irvine
Barming Youth FC,83,barming-youth-fc,England,
Beer Albion,83,beer-albion-fc,England,
Bromley Rugby Club,83,bromley-rugby-club,England,Bromley
DBSEH,83,dubai-british-school-emirates-hills,England,
Mansfield RUFC,83,mansfield-rugby-union-football-club,England,Mansfield
Dyce FC,83,dyce-football-club,Scotland,Dyce
Middlewich Town Football Club,83,mark-morris,England,Middlewich
Mickleover FC,83,mickleover-football-club,England,Mickleover
AFC Stoneham Ladies,83,afc-stoneham-2,England,Stoneham
Alvechurch u15,83,alvechurch-u15,England,Alvechurch
DVSG,83,door-vriendschap-sterk-groesbeek,England,
Accrington Stanley,83,accrington-stanley-f9fa8f58,England,Accrington
Blaydon RFC,83,blaydon,England,Blaydon
Camberley Town Youth FC,83,camberley-town-youth-football-club-29cc9a43,England,Camberley
Roadrunners,83,road-runners,England,
Lewes HC,83,lewes-hockey-club,England,Lewes
Larkhall CIty,83,larkhallcityfc,Scotland,
Kirrie Thistle,83,kirrie-thistle-jfc,Scotland,Kirriemuir
Kiveton Park Football Club,82,kiveton-park-football-club-33e57287,England,Kiveton Park
BAC & Preston City,82,bac-whites-u13,England,Preston
Calderdale College,82,calderdale-college,England,Calderdale
Glasgow Rens,82,glasgow-rens-7791047c,Scotland,
John Lyon School,82,john-lyon,England,Harrow
Bristol Saracens,82,bristol-saracens-rugby-football-club,England,Bristol
Cambridge FC,82,cambridge-fc,England,Cambridge
Cambridge FC,82,cambridge-fc,England,Cambridge
Bushey and Oxhey FC,82,bushey-and-oxhey-fc,England,Bushey
DSPFC,82,columbia-youth-soccer-association,England,
Eastbourne borough whites,82,eastbourne-borough-youth,England,Eastbourne
Abbey rangers,82,abbey-rangers-fc-e69354dc,England,
Edgbaston Hockey Club,82,edgbaston-hockey-club-284a4c04,England,Edgbaston
Crusaders FC,82,engadine-crusaders-football-coub,Northern Ireland,Belfast
BSS & KHC,82,bishop-stopford-pe,England,
Melton Phoenix,81,melton-phoenix-fc-inc,England,Melton Mowbray
Coppull United FC,81,coppull-united-fc,England,Coppull
Beckenham FC,81,beckenham-fc,England,Football Club
Bev Town,81,beverley-town-football-club-278a3c4f,England,
Keresley RFC,81,keresley-rfc-c4457dbf,England,
Dronfield RUFC,81,dronfield-rugby-union-football-club,England,Dronfield
Halesowen Town Colts North U11,81,halesowen-town-colts-14772dee,England,Halesowen
Horsham Soccer,81,horsham-soccer-association,England,Sussex (likely)
Moneyfields,81,moneyfields-fc,England,Moneyfields
Guiseley AFC,81,guiseley-afc,England,Guiseley
Higher Bebington Kelma FC,81,vauxhall-motors-football-club,England,Higher Bebington
Moneyfields,81,moneyfields-fc,England,Moneyfields
Faversham Town,81,faversham-town-football-club,England,Faversham
Market Drayton Town FC,81,market-drayton-town-fc-43492364,England,Market Drayton
Bev Town,81,beverley-town-football-club-278a3c4f,England,
Farnborough FC Women,81,farnborough-town-women-football-club,England,Farnborough
Harefield Utd,81,harefield-utd,England,Harefield
Academy RFC,81,academy-rugby-football-club,England,
Dover Athletic Academy,80,dover-athletic-football-academy,England,Dover
Hutton Grammar School,80,hutton-grammar-school,England,Essex (likely)
Cranbrook Rugby Club,80,cranbrook-rugby-football-club-2,England,Cranbrook
Deal Town Rangers FC,80,deal-town-rangers-football-club,England,Deal
High Wycombe Rugby Club,80,high-wycombe-rugby-union-football-club,England,High Wycombe
Dream Academy,80,dream-academy,England,
BAILDON RUGBY CLUB,80,baildon-rugby-club,England,Rugby club
DNA Elite Football Academy,80,dna-elite-football-academy,England,
Accrington Stanley Women,80,accrington-stanley-women-fc,England,Accrington
Lurgan College,80,lurgan-college-rugby-football-club,Northern Ireland,Lurgan
Ards Football Club,80,ards-football-club-ea941129,Northern Ireland,Ards
Haslemere Hockey Club,80,haslemere-hockey-club,England,Haslemere
Mistley Rugby Club,80,mistley-rugby-union-football-club,England,Mistley
Skills Centre,80,milton-magic-junior-development,England,Milton Keynes
Haywards Heath,80,haywards-heath-town-youth-football-club,England,
Banwell FC,79,banwell-football-club-ad1c7bff,England,
Moortown St Malachys,79,moortown-st-malachys-gac,England,Moortown
Mickleover Sports Juniors FC,79,mickleover-sports-juniors-fc-celta-vigo,England,Mickleover
Albyn School,79,albyn-school,Scotland,Aberdeen
Doug Swancutt,79,doug-swancutt,England,
Harefield United Girls,79,harefield-united-girls,England,Harefield
Broxburn Athletic,79,broxburn-athletic,Scotland,Broxburn
Crediton,79,crediton-rugby-football-club,England,Crediton
Harpenden Town FC,79,harpenden-town-football-club,England,Harpenden
Chesterfield Junior Blues,79,chesterfield-junior-blues-fc,England,Chesterfield
Carniny AYFC,79,carniny-amateur-and-youth-fc,Northern Ireland,
Hollyfields,79,hollyfields-273be814,England,
AFC Coventry,79,afc-coventry,England,Coventry
Didsbury Toc H RFC,79,didsbury-toc-h-rfc,England,Didsbury
Alconbury Colts,79,yaxley-fc-5db63f43,England,Alconbury
Herefordshire FA,79,herefordshire-fa-player-development-centre,England,Hereford
AFC Whyteleafe,78,wayne-bullen,England,Whyteleafe
Leicester Nirvana FC,78,leicester-nirvana-fc,England,Leicester
Coalville Rugby Club,78,coalville-rugby-football-club,England,Coalville
Chadderton Cott AFC,78,chadderton-cott-afc,England,Chadderton
Cheshunt FC,78,cheshunt-football-club-902e4d4c,England,Cheshunt
Dover Rangers,78,dover-rangers-234e3d89,England,Dover
Bearsted Rovers,78,bearsted-rovers,England,
Chadderton Cott AFC,78,chadderton-cott-afc,England,Chadderton
Guildford Saints FC,78,guildford-saints-football-club,England,Guildford
AFC Whyteleafe,78,wayne-bullen,England,Whyteleafe
Edge Hill United Football Club,78,edge-hill-united-football-club-ff1e108a,England,Ormskirk
Maldon & Tiptree,78,maldon-tiptree-youth-fc,England,
AFC Whyteleafe,78,wayne-bullen,England,Whyteleafe
Kidlington Football Club,78,kidlington-football-club,England,Kidlington
Huntly FC Women,78,huntly-football-club-women,Scotland,Huntly
Cheshunt FC,78,cheshunt-football-club-902e4d4c,England,Cheshunt
Birmingham Vulcans,78,birmingham-vulcans-rugby-football-club,England,Birmingham
Dream Cam 14,78,blue-orange-jan-2025,England,
Hempstead Valley,78,hempstead-valley,England,
Bursledon Youth FC,78,bursledon-youth-fc,England,Bursledon
Bovingdon F.C.,78,bovingdon-fc,England,Bovingdon
Starz & Brandhall,77,starz-academy,England,Birmingham
Brentford FC Woman B Team,77,brentford-fc-woman,England,Brentford
Ely City,77,ely-city,England,Ely
Glasgow City U13s NextGen,77,glasgow-city-u18s,Scotland,
Bredon Star,77,bredon-star-rfc,England,Bredon
Hutton,77,hutton-fc-2,England,Essex (likely)
LCFC Women Academy 2,77,lcfc-women-academy-2,England,Women's Academy 2
Kings Hill / West Malling / Ditton,77,kings-hill-football-club-8ed752ba,England,Kings Hill
Leighton Park School,77,leighton-park-school,England,Leighton Buzzard
Faversham,77,faversham-town-fc-decb350d,England,Faversham
Coleshill Colts Football Club,77,coleshill-colts-football-club,England,Coleshill
Lewes Rugby Club,77,lewes-rugby-football-club-4,England,Lewes
Dudley Town u18's,77,lye-town-football-club,England,Dudley
Maryport RLFC,77,maryport-amateur-rugby-league-football-club,England,Maryport
LR Ladies,76,atherton-lr-ladies,England,Atherton
Devizes RFC,76,devizes-rfc,England,Devizes
Hebburn Town FC Juniors,76,hebburn-town-fc-juniors,England,Hebburn
Spraire Lads and lasses,76,darlington-b3b49514,England,
Drew Jordan,76,drew-jordan-basketball,England,
Cov jag,76,coventrians-jaguar,England,Coventry
Bottesford Town FC,76,bottesford-town-fc-f85f7a3c,England,Bottesford
Ashford U14s,76,ashford-u14s,England,Youth team
AFC Fylde,76,afc-fylde-3305a600,England,Fylde
Dream chaser and Olympia,75,fc-olympia,England,
Hednesford Town YDS MJPL,75,hednesford-town-yds-mjpl,England,Hednesford
Ayr United,75,ayr-united-football-club,Scotland,Ayr
Heanor Juniors,75,heanor-juniors-fc,England,Heanor
Hitchin town,75,hitchin-town-raptors,England,Hitchin
Ealing United,75,ealing-united-fc-1c0d3454,England,Ealing
Augher GFC,75,augher-st-macartans,Northern Ireland,Augher
Glasgow Utd,75,glasgow-united-football-club,Scotland,
Birmingham United FC,75,birmingham-united-fc,England,Birmingham
AFC Uckfield Town,75,afc-uckfield-town-f5d6aaa7,England,Uckfield
Blackmore Youth,75,blackmore-youth,England,
Bournville,75,bournville-football-club,England,Bournville
Epping Eastwood FC,75,epping-eastwood-football-club-719f9b99,England,
Bridge of Weir United,75,bridge-of-weir-united-football-club,Scotland,Bridge of Weir
Chesterfield,75,joshua-abig,England,Chesterfield
Hastings United U11 Greys,75,hastings-united-greys-u11,England,Hastings
Kidderminster,74,kidderminster-carolians-rfc,England,Kidderminster
Abbey Youth Football Club,74,abbey-youth-football-club-b661895e,England,
Folkestone rugby club,74,folkestone-rugby-club-cf3ebadc,England,Folkestone
Alphington Football Club,74,alphington-youth,England,Exeter
DR,74,donovan-dr,England,
Ascot Utd FC,74,ascot-united-football-club,England,
Ivybridge Rugby Club,74,ivybridge-rugby-club-0032acbc,England,Ivybridge
Doug Peterson,74,maddox-peterson,England,
Alvechurch,74,afc-6515dfb0,England,Alvechurch
Milton AFC,74,milton-afc,England,Milton Keynes
BCFC CT,74,birmingham-city-community-trust,England,Birmingham City CT
Barton united fc,74,barton-united-football-club,England,
Cheltenham HC,74,cheltenham-hockey-club,England,Cheltenham
Woolton La Coruna,74,msb-woolton-la-coruna,England,Woolton
Dunstablians,74,dunstablians-rugby-union-football-club-ltd,England,Dunstable
Beaumont Park Panthers,74,beaumont-park-panthers-a1d50048,England,
Harrow RFC,74,harrow-rugby-football-club,England,Harrow
Hanworth Villa FC,73,hanworth-villa-football-club,England,Hanworth
Middlesbrough RUFC,73,middlesbrough-rugby-union-football-club-2,England,Middlesbrough
Kidsgrove Athletic,73,kidsgrove-athletic-youth-40cd6319,England,Kidsgrove
Devizes Town,73,devizes-town-youth-football-club,England,Devizes
Draperstown Celtic FC,73,draperstown-celtic-fc,Northern Ireland,Draperstown
Fleetwood Town Community Sports College,73,fleetwood-town-community-sports-college,England,Fleetwood
Hollands & Blair Youth,73,hollands-and-blair-development,Scotland,
Glasgow City U15s NextGen,73,glasgow-city-football-club-5988ae16,Scotland,
Castleford Tigers RLFC,73,castleford-tigers-rlfc,England,
Heston Rovers - VEO 1,73,heston-rovers-fc,England,Heston
East Harling,73,east-harling,England,East Harling
Letchworth Eagles,73,letchworth-garden-city-eagles-fc,England,Letchworth
Epsom & Ewell Colts | Under 15 Royals,73,epsom-ewell-football-club,England,
Hesketh Bank AFC,73,hesketh-bank-afc,England,Hesketh Bank
Bredhurst Juniors,73,bredhurst-juniors,England,Bredhurst
Beckenham RFC,73,beckenham-rfc,England,Rugby Football Club
Beckenham RFC,73,beckenham-rfc,England,Rugby Football Club
Godalming College,73,godalming-college-e0afdddb,England,
Crofts Estate Agents Youth Football League,73,crofts-estate-agents-youth-football-league,England,
Bristol City WFC Academy,72,bristol-city-wfc-academy,England,Bristol
Dewsbury Celtic RLFC,72,dewsbury-celtic-rlfc,England,Dewsbury
Leodiensian RUFC,72,leodiensians,England,
Binfield FC,72,binfield-fc-8f5b5fbe,England,FC
Arsenal,72,benicia-arsenal-fc,England,
Accord Sixth Form,72,accord-sixth-form,England,
Falkirk Foundation,72,falkirk-foundation,Scotland,Falkirk
Birghton District Soccer Club,72,birghton-district-soccer-club-91e6b23e,England,
Glentoran 2012,72,dungoyne-5dadbfc8,Northern Ireland,
Methody Rugby,72,methodist-college-belfast,Northern Ireland,Belfast
Binfield FC,72,binfield-fc-8f5b5fbe,England,FC
Crystal palace foundation academy,72,crystal-palace-foundation-academynorthampton-colle,England,London
DRSC,72,steven-pavlidis,England,Doncaster
Driffield RFC,72,driffield-rfc,England,Driffield
Fairmuir,72,fairmuir-boys-club,Scotland,
Crompton House,72,crompton-house,England,
Ashfield Rugby Union Football Club Limited,72,ashfield-rugby-union-football-club,England,Ashfield
Morley Youth FC,72,morley-youth-fc,England,Morley
Dame Allan's Senior School,72,dame-allans-senior-school,England,Newcastle upon Tyne
Carlisle United Community Sports Trust,72,carlisle-united-community-sports-trust,England,
Bitton,72,bitton,England,Bitton
Brentwood School,72,brentwood-school,England,Brentwood
Coagh United F.C.,72,coagh-united-youth,Northern Ireland,Coagh
Chichester Sharks,72,chichester-sharks-66b4daf1,England,Chichester
Chard RFC,71,chard,England,Chard
Dollard D2M  (YL),71,cheeky-xi,England,
Dundee Rugby,71,dundee-rugby-club-65550035,Scotland,Dundee
Harpole FC,71,harpole-fc,England,Harpole
Burnham-On-Crouch RFC,71,burnham-on-crouch-rugby-football-club,England,Burnham-on-Crouch
Irlam FC,71,irlam-fc-ddb7f764,England,Irlam
Bellshill Athletic Seniors,71,bellshill-athletic-ccf9f247,Scotland,Athletic Seniors
Bradford City AFC,71,bradford-city-afc-women-203b7504,England,Bradford
Dynamos,71,duffield-dynamo,England,
Lichfield RUFC,71,lichfield-rufc,England,Lichfield
Halesowen Town colts,71,keil-sumnall,England,
Beaconsfield Town Football Club,71,beaconsfield-town-football-club-limited,England,
Giggleswick School,71,giggleswick-school,England,
Motherwell Villa AFC,71,motherwell-villa-afc,Scotland,Motherwell
Basingstoke Colts YFC,71,basingstoke-town-colts-yfc,England,
Forest Foundations LTD,71,forest-foundations-ltd,England,
Brentwood RFC,71,brentwood-rfc,England,Brentwood
Bromsgrove Rovers,71,bromsgrove-rovers,England,Bromsgrove
Lichfield RUFC,71,lichfield-rufc,England,Lichfield
Enfield Celtic,71,enfield-celtic,England,Enfield
Epsom HC,70,epsom-hockey-club,England,
Dunfermline Rugby Club,70,dunfermline-rugby-football-club,Scotland,Dunfermline
Monksbrook,70,monksbrook,England,Monksbrook
Cheam,70,cheam-sports-football-club,England,Cheam
Castlemilk Community Football Trust,70,castlemilk-community-football-trust,Scotland,
Bristol Barcelona,70,bristol-barcelona,England,Bristol
Carlisle city,70,carlisle-city-fc,England,
Cambridge City Football Club Limited,70,cambridge-city-ladies-fc,England,Cambridge
Basingstoke Town FC Academy,70,basingstoke-town-fc-academy,England,
Monksbrook,70,monksbrook,England,Monksbrook
Cobham Rugby Club,70,cobham-rugby-sports-association,England,Cobham
Faversham RUFC,70,faversham-rugby-union-football-club,England,Faversham
Gairdoch united 2013s,70,gairdoch-united-2,Scotland,Gairdoch
Ampthill,70,ampthill-and-district-community-rugby-union-footba,England,Ampthill
Doradus,70,doradus-fc-sdor-07-elite,England,
Heswall Juniors,70,heswall-juniors-football-club,England,Heswall
Annan Athletic football Club,70,annan-athletic-football-club,Scotland,Annan
Leek Rugby Club,69,leek-rugby-union-football-club-e7aa55b4,England,
Bedford Hockey Club,69,bedford-hockey-club-f7e898df,England,Hockey Club
Halliford Colts Fc,69,halliford-colts-fc-29631d8a,England,
Cockermouth Wasps,69,cockermouth-rugby-union-football-club,England,Cockermouth
Nailsea women,69,garry-ford,England,Nailsea
Beverley RUFC,69,mjh-chartered-accountants,England,RUFC (Rugby Union Football Club)
Braishfield Bees,69,braishfield-bees-youth-fc,Northern Ireland,Braishfield
Bugbrooke Rugby Club,69,bugbrooke-rugby-union,England,Bugbrooke
Jed-Forest RFC,69,jed-forest-rugby-football-club,Scotland,Jedburgh
Bury St Edmunds,69,bury-saint-edmunds-rufc,England,Bury St Edmunds
Dartfordians RFC,69,dartfordians-rfc,England,Dartford
Beaumont Park 23,69,beaumont-park-23,England,
Kilbirnie Ladeside Titans,69,kilbirnie-ladeside-titans-2010s,Scotland,Kilbirnie
Burton Albion PDP,69,burton-albion-pdp,England,Burton upon Trent
Dartfordians RFC,69,dartfordians-rfc,England,Dartford
DK RFC,69,dudley-kingswinford-rfc,England,Dudley
Alvis Juniors Colts,68,ajuk,England,
Belles,68,doncaster-belles-25159f09,England,Doncaster
Cromer Kingfishers,68,cromer-kingfishers,England,Cromer
Marlow RUFC,68,marlow-rugby-union-football-club,England,Marlow
Gable Hall School,68,gable-hall-school-70cc06bc,England,Thurrock
Byfleet Village FC,68,byfleet-village-football-club-e0d3453b,England,Byfleet
Bexhill College,68,bexhill-6th-form-college,England,College
Kilsyth Rangers,68,kilsyth-rangers,Scotland,Kilsyth
Mickleover RBL,68,mickleover-royal-british-legion-football-club,England,Mickleover
Almondsbury Youth,68,almondsbury-youth-3a52d792,England,Almondsbury
Hebden Bridge Saints,68,hebden-bridge-saints-junior-association-football-c,England,Hebden Bridge
Abbey Villa Football Club,68,abbey-villa-football-club,England,
BLETCHINGTON-F.C,68,bletchington_fc,England,Bletchington
AFC Rushden & Diamonds Academy,68,afc-rushden-diamonds-2,England,Rushden
Mickleover FC juniors Rapids & Fire,68,mickleover-fc-juniors-rapids-fire,England,Mickleover
Cheshire Lines Football Club,68,cheshire-lines-football-club,England,Cheshire
Cobham Colts,68,cobham-colts,England,Cobham
Gunnersbury Athletic,68,gunnersbury-friday-football,England,Gunnersbury
Epsom FC,67,epsom-football-club-d0f914a0,England,
Darrick Wood School,67,darrick-wood-senior-school,England,Bromley
Ampthill RUFC,67,ampthill-district-community-rugby-union-football-c,England,Ampthill
Easterhouse FA,67,easterhouse-fa-199e4a0e,Scotland,Easterhouse
Glasgow City U17s NextGen,67,glasgow-city-u16s,Scotland,
AFC St Austell,67,afc-st-austell-14354d27,England,St Austell
Corstorphine Dynamo,67,corstorphine-dynamo,Scotland,Edinburgh
Bedfont FC,67,bedfont-fc-a57ea922,England,Football Club
Hereford RFC,67,hereford-rugby-football-club,England,Hereford
Bridgnorth RFC,67,bjs-analysis,England,Bridgnorth
Esher Sixth Form College,67,esher-sixth-form-college,England,
Carlisle United Football Club,67,carlisle-united-football-club-b11abf65,England,
Bridgnorth RFC,67,bjs-analysis,England,Bridgnorth
Brixham RFC,67,brixham-rugby-club,England,Brixham
Harpenden Town Women,67,harpenden-town-womens-1st-team,England,Harpenden
DNA Premier SC,67,dna-sports-club,England,
Bottisham,67,bottisham-fc,England,Bottisham
Ashmount Leigh FC,67,ashmount-leigh-football-club,England,
Cranfield United,67,cranfield-united,England,Cranfield
Chichester RFC,67,rfc-efae3456,England,Chichester
Millbrook AFC,67,millbrook-afc-2,England,Millbrook
Ashbourne Aztecs,67,ashbourne-aztecs-junior-football-club,England,
Cadbury Athletic,66,cadbury-athletic,England,(needs more info)
Bustleholme FC,66,bustleholme-football-club,England,Bustleholme
Fleetwood Town Sports College,66,fleetwood-town-community-trust,England,Fleetwood
Alton HC,66,alton-hockey-club,England,
Mallaby FC,66,mallaby-fc-6114b656,England,
Colne FC Ladies,66,colne-fc-49688164,England,Colne
Brampton Sankofa,66,brampton-sankofa,England,Brampton
Huntingdonshire FA,66,huntingdonshire-fa,England,Huntingdonshire
Cranleigh Hockey,66,james-ladd-gibbon,England,Cranleigh
Dryburgh Athletic,66,drybrugh-athletic-community-club,Scotland,Dryburgh
Peterborough,66,city-of-peterborough-hc,England,League unknown
Blackfield & Langley Fc,66,blackfield-langley-football-club,England,Blackfield
Bashley FC,66,bashley-football-club-e9130d82,England,
FC Man United,66,fc-man-united-fe66087c,England,Manchester United (Youth Team or Fan Club)
Market Rasen Seniors,66,market-rasen-louth-rufc,England,Market Rasen
FC Man United,66,fc-man-united-fe66087c,England,Manchester United (Youth Team or Fan Club)
FC Man United,66,fc-man-united-fe66087c,England,Manchester United (Youth Team or Fan Club)
DU,66,dumbarton-united-e234df44,England,
Barnstoneworth United F.C.,66,barnstoneworth-united-fc,England,
Houghton Rugby Club,66,houghton-rugby-club,England,Houghton-le-Spring (likely)
Kidlington Ladies,66,garlington-fc,England,Kidlington
AC Finchley West under 18,66,ac-finchley,England,Finchley
Leatherhead FC,66,leatherhead-football-club-921c7362,England,
Edinburgh,66,edinburgh,Scotland,Edinburgh
Ardley United FC,65,ardley-united-fc-f4d54342,England,Ardley
Berkeley Town AFC,65,berkeley-town-afc,England,AFC
Euxton Girls,65,euxton-girls-football-club,England,
Dropship FC,65,dropship-fc,England,
Cumbria,65,cumbria-football-academy-c895cd61,England,
HULL VEO,65,vail-soccer-club-0661f374,England,Hull
Marlow Rugby Club,65,marlow-rugby-union-football-club-ltd,England,Marlow
Marske United,65,marske-united-76ae458d,England,Marske-by-the-Sea
Glentoran FC Youth Academy,65,glentoran-football-club-youth-academy,Northern Ireland,
Bec Rugby,65,bec-rugby,England,Rugby
Bolton School,65,bolton-school,England,Bolton
Bromley FC Youth,65,bromley-fc-youth-be322928,England,Bromley
Diss Rugby Club,65,diss-rugby-football-club,England,Diss
Barnstaple Rugby,65,barnstaple-rugby,England,
Keighley Albion,65,keighley-albion-rugby-league-football-club,England,
Morpeth Town,65,morpeth-town-afc,England,Morpeth
Holcombe Hockey Club,64,holcombe-talent-academy,England,Holcombe
Harrow Stars Youth,64,harrow-stars-youth,England,Harrow
Ashtonhill,64,ashtonhill-club,Scotland,Glasgow
DEARNE AND DISTRICT FC,64,dearne-and-district-football-club,England,Dearne Valley
Broughty United Youth,64,broughty-united-community-club-scio,Scotland,Broughty Ferry
DSA United,64,pitch-llc,England,
Atherstone Town Football Club,64,atherstone-town-football-club,England,Atherstone
LANCASTER AND MORECAMBE COLLEGE,64,lancaster-and-morecambe-college,England,
Lancs Girls,64,lancashire-schools-fa-girls,England,
Dinnington Village F.C.,64,dinnington-travellers-fc,England,Dinnington
Hucknall Town FC,64,hucknall-town-football-club,England,Hucknall
Clarendon Football Development,64,clarendon-football-development,England,League unknown
Burnham Football Club,64,burnham-football-club-814dbb22,England,Burnham
Moneyglass GAC,64,moneyglass-gac,Northern Ireland,Moneyglass
Bee-Inspired Football Club,64,bee-inspired-football-club,England,Football Club
Bradbury Bears FC,64,bradbury-ambarvale-football-club,England,Bradbury
Dundee West Royals 2013's,64,dundee-west-royals-2013s,Scotland,Dundee
Kiveton Miners Welfare FC,64,sheffield-town-football-club,England,Kiveton
Letcombe Football Club,64,letcombe-football-club-9021d447,England,Letcombe Regis
Coleraine Grammar School Hockey,64,coleraine-grammar-school-hockey,Northern Ireland,Coleraine
Amersham & Chiltern RFC,64,amersham-chiltern-rfc,England,Amersham
Lurgan,64,lurgan-rugby-football-club,Northern Ireland,
Glasgow GWFC,63,glasgow-women-and-girls-fc,Scotland,
Bedford travel soccer,63,bedford-travel-soccer,England,Travel Soccer
Essington RUFC,63,essington-rufc,England,
ALTOWN UTD U12's,63,greenloons-whites-football-club,England,Alton
Irelanders,63,dundalk-young-irelands,England,
Jimmy Johnstone Academy of Football,63,jimmy-johnstone-academy-of-football,Scotland,Unknown
Knole Park Hockey Club,63,knole-park-hockey-club,England,Sevenoaks
Dromore GFC,63,dromore-st-dympnas-gaelic-football-club,Northern Ireland,Dromore
Huddersfield RUFC,63,stuart-leach,England,Huddersfield
Beaconsfield Rugby Union Football Club Limited,63,beaconsfield-rugby-football-club-2,England,
Cray Wanderers,63,metrogas-fc-blue,England,Crayford
Chatterley Vics FC,63,chatterley-victoria-football-club,England,Chatterley
Varndeanians,63,afc-varndeanians-aa64ab15,England,Brighton
Hastings United FC,63,hastings-united-football-club-2,England,Hastings
Huddersfield RUFC,63,stuart-leach,England,Huddersfield
Cuxton 91,63,cuxton-91-fc-e6e9d5f6,England,Cuxton
BSCFC,63,bishops-stortford,England,
Fintona Swifts,63,fintona-swifts-fc,Northern Ireland,Fintona
Ashby Hockey Club,63,ashby-hockey-club-2,England,
Alcester Rugby Club,63,alcester-rfc,England,Alcester
Cheshunt Rubgy,63,cheshunt-rugby,England,Cheshunt
AFC Utd Vets,62,afc-united-medway,England,
afc willenhall cubs,62,afc-willenhall-cubs-de73cfbf,England,Wolverhampton
Hornchurch FC,62,charles-leach,England,Hornchurch
Astley & Buckshaw JFC,62,astley-and-buckshaw-jfc,England,Astley
Hythe Town Youth,62,hythe-town-youth-3cb28b53,England,Hythe
Kemsing United,62,kemsing-united-football-club,England,
Edinburgh Napier University,62,edinburgh-napier-university-football,Scotland,Edinburgh
Adwick Park Rangers,62,adwick-park-rangers-7084e602,England,Adwick Park
Dream Cam 17,62,blue-orange-february-2025,England,
Bath Rugby,62,bath-rugby,England,
Clydebank,62,clydebank-fc-2009s,Scotland,Clydebank
Fleet Town Dragons,62,fleet-town-dragons,England,Fleet
Keyworth Rugby club.,62,keyworth-rugby-club,England,
Melksham RFC,62,melksham-rugby-football-club,England,Melksham
Chelmsford EJA U18 24/25,62,chelmsford-city-u17-2324,England,Chelmsford
Hertford Town women,62,hertford-town-women,England,Hertford
Ashtead,62,ashtead-football-club-2,England,
Bootham Futsal Club - York,62,bootham-girls-ladies-futsal-club-york,England,York
Methody Girls Hockey,62,mcb,Northern Ireland,Belfast
Bath Rugby,62,bath-rugby,England,
Chelsea FC Foundation - Inclusion & Disability,62,chelsea-fc-foundation-inclusion-disability,England,London
Borehamwood Youth FC,62,borehamwood-26ac043a,England,Borehamwood
Bedford Blues Athletic Colts,62,bedford-blues-athletic-colts,England,Athletic Colts
Hetton Juniors,62,hetton-juniors-football-club,England,Hetton
Muirkirk JFC,61,muirkirk-juniors-football-club,Scotland,Muirkirk
Durham School,61,durham-school,England,Durham
Holmesdale,61,holmesdale,England,
Hendon Fc,61,hendon-fc-e26d1d62,England,
Barking FC,61,top-tekkers-barking-fc,England,
Methlick FC,61,methlick-football-club,Scotland,Methlick
Halesowen Town Colts South U8s,61,halesowen-town-colts-south,England,Halesowen
Barking FC,61,top-tekkers-barking-fc,England,
Moseley Oak Rugby Club,61,moseley-oak-rugby-club,England,Moseley
Bearsted u 14s,61,dartford-f-c,England,U14s
Albion,61,albion-05602f95,England,
Aldershot & Farnborough District Schools FA,61,aldershot-farnborough-district-schools-fa-b37b167a,England,Aldershot
AFC Stoneham U9,61,afc-stoneham-u9,England,Stoneham
Belsize Park,61,belsize-park-rugby-football-club,England,
Alleyn’s School,61,alleyns-school,England,London
George Heriot's,61,george-heriots-school,Scotland,
Drury United,61,drury-united,England,
Binfield,61,binfield-football-club-a4eec723,England,
Cleator Moor Celtic,60,cleator-moor-celtic-b2bda8ce,England,Cleator Moor
Clydebank 2011,60,clydebank-2011,Scotland,Clydebank
Airdrie Community Club,60,airdrieonians-community-club,Scotland,Airdrie
Aston University BR,60,aston-university-br,England,Birmingham
Kingfisher FC,60,kingfisher-ladies-fc,England,
Cheadle SMU,60,cheadle-south-moorlands-united-490dbba6,England,Cheadle
Lichfield City Football Academy,60,lichfield-city-football-academy,England,Lichfield
Abbey RFC,60,abbey-rfc,England,
BGS Rugby,60,bradford-grammar-school-rugby-club,England,Bradford
Basingstoke Rugby Club,60,basingstoke-rfc-ltd,England,
Molesey Juniors Football Club,60,molesey-juniors-football-club-8499f396,England,Molesey
Battyeford,60,battyeford-sporting-club,England,
Leamington SC United,60,leamington-sun-county-united-soccer-club,England,
Birmingham Moseley,60,birmingham-moseley,England,Birmingham
Doncaster Eagles Basketball,60,doncaster-eagles-basketball,England,Doncaster
DGSB,60,dover-grammar-school-for-boys,England,Dover
Fleetwood RUFC,60,fleetwood-rugby-union-football-club,England,Fleetwood
Etone Football Education Academy (Nun Boro & WBA),60,etone-football-education-academy,England,
Aveley FC u16s,60,aveley-fc-u16s,England,U16s team
Accrington Stanley Community Trust,60,accrington-stanley-community-trust-210804a1,England,Accrington
Beccs,60,old-beccehamians-rfc,England,
Blandford United,60,blandford-united-e3ae72d0,England,Blandford
Afc Goring - VC2 Beta,60,afc-goring-vc2-beta,England,Goring
Andersonstown community fc,60,andersonstown-community-fc,Northern Ireland,Belfast
AFDA Leicester,60,advanced-football-development-academy,England,Leicester
Cupar Hearts AFC,60,cupar-hearts-afc,Scotland,Cupar
AFC Whitchurch,60,afc-whitchurch-football-club,England,Whitchurch
Feniscowles & Pleasington FC,60,feniscowles-and-pleasington-fc,England,
Altrincham hale fc,60,altrincham-hale-fc-7d5e916c,England,Altrincham
Chasetown fc,60,witts,England,Chasetown
Ipswich Town Football Club,60,ipswich-town-football-club-634ca746,England,Ipswich
Fareham Town,59,fareham-town-football-club,England,Fareham
Hibs,59,hibernian-girls-and-women-football-club,Scotland,Hibs (likely Hibernian FC)
Holt Fc,59,holt-football-club,England,Holt
Airdrie FC,59,airdrie-football-club,Scotland,Airdrie
Garvagh Phoenix,59,garvagh-phoenix-volleyball-club,Northern Ireland,Garvagh
Earls Barton United,59,earls-barton-united-football-club,England,Earls Barton
Eccleshall Eagles FC,59,eccleshall-eagles-junior-football-club,England,Eccleshall
Everton,59,everton-afc,England,
AFC Lytham,59,afc-lytham,England,Lytham St Annes
HARRIS ACADEMY BECKENHAM,59,harris-academy-beckenham-830ffd0d,England,Beckenham
Crosby Stuart & Formby Community Football Clubs,59,crosby-stuart-football-club,England,
Aldershot Town Foundation Phase,59,aldershot-town-foundation-phase,England,Aldershot
Bathgate Thistle,59,bathgate-thistle-cfc-df8b1585,Scotland,
Everton,59,everton-afc,England,
Crosfields School,59,crosfields-school,England,
Lasswade Rugby,59,lasswade-rugby-football-clubhigh-school,Scotland,
AFC Bridgnorth Spartans,59,afc-bridgnorth-spartans,England,Bridgnorth
Hemel Youth,59,hemel-hempstead-youth-fc,England,Hemel Hempstead
Blackheath,59,blackheath-rugby,England,Blackheath
Clifford Juniors,59,clifford-juniors,England,League unknown
Dougie Macaulay,59,family-6b7ef6d1,England,
Met Police RFC,59,metropolitan-police-rugby-football-club,England,London
Bedford Rugby and Sports Clubs,59,bedford-rugby-clubs,England,Rugby and Sports Clubs
Barton Under Needwood RUFC LTD,59,barton-under-needwood-rufc,England,
Barnsley & District Sunday League,59,west-bretton-fc,England,
Enfield Town Green,59,enfield-town-youth-green,England,Enfield
Eastleigh Rugby Football Club,59,eastleigh-rugby-football-club,England,Eastleigh
Hodgson Academy,58,hodgson-pe-department,England,
Barrowford,58,barrowrford-celtic-wolves,England,
Menston Junior,58,menston-junior-fc,England,Menston
Hi-tech Painting & Decorating Ltd,58,doda-ljucovic,England,
Drury,58,drury-university-mens-lacrosse,England,
Marriotts School,58,marriotts-school,England,
Dings Crusaders,58,dings-crusaders-rfc,England,
Montrose Rugby,58,montrose-rugby,Scotland,Montrose
Bream Amateurs Football Club,58,bream-amateurs-football-club,England,Bream
medway united football club,58,medway-united-football-club,England,Medway
Brackley Town Football Club PDC,58,brackley-town-football-club,England,Brackley
Dunmore,58,dunmore-town,England,
Hadleigh Reds,58,hadleigh-reds-u9s,England,Hadleigh
Belnaleck GAC,58,beknaleck-gac,Northern Ireland,Gaelic Athletic Club
Aylsham FC,58,aylsham-women,England,Aylsham
Hartlepool Utd Youth Team,58,hartlepool-united-youth-team,England,Hartlepool
Ayrshire College,58,ayrshire-college,Scotland,Ayrshire
Brentwood EELS RLFC,58,brentwood-eels-rugby-league-football-club,England,Brentwood
Dunipace Football Club,58,dunipace-football-club-0a476058,Scotland,Dunipace
Bromsgrove RFC,58,bromsgrove-rugby-football-club-ec96035a,England,Bromsgrove
H&W Welders,58,hw-welders,Northern Ireland,Belfast
Clapham,57,clapham-lacrosse-club,England,League unknown
Daventry Rugby Football Club Ltd,57,daventry-rugby-football-club-ltd,England,Daventry
FC Petrocub London,57,fc-petrocub-london,England,London
Bede Sixth Form College,57,bede-sixth-form-college,England,Sixth Form College
Minster FC,57,minster-football-club,England,Minster
BIDEFORD RFC,57,bideford-rugby-club,England,RFC
GHK Ladies Hockey,57,glasgow-high-kelvinside-ladies-hockey-club,Scotland,
Montrose,57,montrose,Scotland,Town
Huddersfield Amatuers,57,huddersfield-amatuer-football-club,England,Huddersfield
Montrose,57,montrose,Scotland,Town
AFC MANSFIELD,57,afc-mansfield,England,Mansfield
Erne Gaels,57,erne-gaels,Northern Ireland,
City of Glasgow College,57,city-of-glasgow-college,Scotland,Glasgow
Guildford Gazelles,57,guildford-rugby-club-005113c2,England,Guildford
Dorado,57,personal-use-f7f3349b,England,
Corsham Town,57,corsham-town-football-club,England,Corsham
BRTFC,57,bognor-regis-town-football-club,England,
Brentwood Town FC,57,chigwell-football-club,England,Brentwood
Kingsdown Lions,57,fc-abbeymeads,England,
Knightseood FC,56,knightseood-fc,Scotland,Glasgow
Isleworthians,56,isleworthians-youth-football-club,England,Isleworth
Glengad,56,glengad-united,Northern Ireland,
Bognor,56,bognor-rugby-football-club,England,Bognor Regis
Cambridge University Hockey Club,56,cambridge-university-hockey-club,England,Cambridge
Felsted Sport,56,felsted-school-sport,England,
Mickleover Athletic Football Club,56,mickleover-athletic-football-club,England,Mickleover
Beverley Town,56,beverley-town,England,
Leighton Park Rangers,56,leighton-park-rangers-kempston-rovers-colts,England,Leighton Buzzard
Colchester Soccer Club,56,colchester-youth-soccer-club,England,Colchester
Holland and Blair Spartans,56,bredhurst-juniors-cb93acbd,Scotland,
Collingham Juniors,56,collingham-juniors-football-club,England,Collingham
Beverley Town,56,beverley-town,England,
Edinburgh utd,56,edinburgh-united-fc,Scotland,Edinburgh
Haddington RFC,56,haddington-rugby-football-club-cd69efa1,Scotland,Haddington
Maltby Rugby Union Football Club,56,maltby-rugby-union-football-club,England,Maltby
DVVA,56,door-vriendschap-verenigd-amsterdam,England,
Blackstones Football Club,56,blackstones-junior-football-club,England,
Aylestone Park FC,56,aylestone-park-football-club-b5f5714c,England,Aylestone Park
Cresswell,55,cresswell,England,Cresswell
Dartmouth RFC,55,dartmouth-rugby-football-club,England,Dartmouth
Harehills WMC,55,harehills-wmc,England,Leeds
Blantyre Victoria,55,blantyre-victoria,Scotland,Blantyre
Dingwall,55,dingwall-football-club,Scotland,
Attleborough blues,55,attleborough-blues,England,Attleborough
Beach Hut Football Club,55,beach-hut-football-club,England,
Carlisle Rugby Club,55,carlisle-rugby-club,England,
DTA Fortius,55,dta-fortius-04fdeadd,England,
Glasgow Gaels,55,glasgow-gaels-gfc,Scotland,
Alloa Athletic FC,55,alloa-athletic-fc,Scotland,Alloa
Coundon Court Devs,55,coundon-court-devs,England,
Hawick Youth Rugby,55,hawick-youth-rugby,Scotland,Hawick
Lochee Utd,55,lochee-harp-fc,Scotland,Dundee
Leyton Orient FC Women,55,leyton-orient-10,England,Leyton
Leyton Orient,55,leyton-orient-b6a1f8be,England,Leyton
Aberdeenshire Rugby Football Club,54,aberdeenshire-rugby-football-club,Scotland,Aberdeenshire
Ipswich Wanderers,54,repair-centre,England,Ipswich
Ipswich YM,54,ipswichymrugby,England,Ipswich
MILTON KEYNES IRISH,54,newport-pagnell-town-youth-football-club,England,Milton Keynes
Mill Lane United U14s,54,mill-lane-united-u14s-afe07bce,England,Mill Lane
Clydesdale Hockey Club,54,clydesdale-hockey-club-29e32652,Scotland,
Hatfield Athletic FC,54,hatfield-athletic-fc,England,Hatfield
Bracknell Town FC,54,bracknell-town-football-club,England,Bracknell
Leeds,54,leeds-united-10,England,
DON BOSCO,54,cd-don-bosco-4935561d,England,
Manchester United Womens Academy,54,manchester-united-womens-academy,England,Manchester
Didcot Town FC,54,didcot-town-fc-spartans,England,Didcot
Beccles RFC,54,beccles-rugby-club,England,Rugby Football Club
Basildon Utd U10's,54,basildon-united-under-9s,England,
Bonar Bridge,54,bonar-bridge-football-club,Scotland,Bonar Bridge
DDO U17,54,dollard-dragons,England,
DSOV,54,door-sport-ontspanning-vijfhuizen,England,
Ilkeston Rugby Club,54,ilkeston-rugby-union-football-club,England,Ilkeston
Mowden Park,54,darlington-mowden-park-rugby-football-club,England,
Kings Hill U14 KYL,53,kings-hill-u13-kyl,England,Kings Hill
Cleve RFC,53,cleve-rfc,England,League unknown
Edinburgh South,53,newtongrange-star-fc,Scotland,Edinburgh
Lawley Lightmoor,53,lawley-lightmoor,England,
Elland Juniors,53,elland-juniors,England,Elland
Clydebank 13s,53,clydebank-13s,Scotland,Clydebank
Marlborough,53,marlborough,England,
Marlborough,53,marlborough,England,
Embley,53,embley-park-school,England,Romsey
Castlewellan GAC,53,castlewellan-gac-47483688,Northern Ireland,
Istead United Colts,53,istead-united-colts-168ae391,England,Istead
Dragons FC,53,dragons-fc-1e51df5e,England,
Allexton New parks magpies,53,kirby-muxloe-88s,England,Leicester
Broxham Football,53,broxham-football,England,Broxham
Belcoo,53,belcoo-orahillys,Northern Ireland,
Basingstoke Junior Bison,53,basingstoke-ice-hockey-development-club,England,
Ladybridge FC,52,ladybridge-fc,England,Ladybridge
Cinderford Rugby Club,52,clive-stuart-smith,England,Cinderford
Bilston Town YDP,52,bilston-town,England,YDP (Youth Development Programme)
GUWHC,52,glasgow-university-womans-hockey-club,Scotland,
Ampleforth College Sport,52,ampleforth-college,England,Ampleforth
Ards FC Academy,52,ards-fc-academy,Northern Ireland,Ards
Bannockburn AFC,52,bannockburn-afc,Scotland,
KNUTSFORD ACADEMY,52,knutsford-academy,England,Knutsford
Copthorne FC,52,copthorne-youth-fc,England,Copthorne
Dunbar RFC,52,dunbar-rugby-football-club,Scotland,Dunbar
Whyteleafe,52,afc-whyteleafe-d4541905,England,Whyteleafe
Moorthorpe,52,moorthorpe-south-elmsall,England,Moorthorpe
Ruddington colts,52,danny-morgan,England,Ruddington
Medway Dragons,52,medway-dragons-rlfc,England,Medway
Melton Mowbray RFC,52,melton-mowbray-rfc-6b7d5d0b,England,Melton Mowbray
Cookham Dean U15 Rebels,52,cookham-dean-u14-rebels,England,Cookham Dean
Gainsborough Trinity Community Football Club,52,gainsborough-trinity-community-football-club,England,Gainsborough
Abingdon Town Ladies,52,abingdon-town-ladies,England,Abingdon
Aveley Youth Copa’s,52,aveley-youth,England,Youth team
Bath Boys Soccer,52,bath-boys-soccer,England,
Dodge Veo,52,desoto-central-high-school,England,
Ashton Keynes YFC,52,aston-keynes-youth-football-club,England,Youth team
Irvine Meadow 2009,52,irvine-meadow-2009,Scotland,Irvine
Lincoln Minster Senior School,52,lincoln-minster-school,England,Lincoln
Iron Acton fc,51,iron-acton-fc,England,Iron Acton
Kibworth Town,51,james-harbidge,England,Kibworth
Leyton Orient Trust,51,leyton-orient-trust,England,Leyton
Morpeth,51,morpeth-rugby-football-club,England,Town
Birds Eye Sports,51,birds-eye-sports,England,
Kirkcaldy Rugby Club,51,kirkcaldy-rugby-football-club,Scotland,Kirkcaldy
Boldon CA,51,boldon-community-association-football-club,England,Boldon
Ipswich Grammar School | Basketball,51,ipswich-grammar-school-feb4b7b9,England,Ipswich
Dudley Town FC First,51,dudley-town-fc-first,England,Dudley
Carolside Sports Club,51,carolside-sports-club,Scotland,
Gloucester EPC,51,gloucester-elite-performance-centre-2,England,
Hinckley town,51,hinckley-town,England,Hinckley
Audenshaw School,51,audenshaw-school-academy-trust,England,Audenshaw
Altrincham Grammar School For Boys,51,altrincham-grammar-school-for-boys,England,Altrincham
Latymer Upper,51,latymer-upper-school-33dcd64c,England,
Moray Rugby Club,51,moray-rugby-football-club,Scotland,Moray
Matlock Rugby club,51,matlock-old-baileans-rugby-football-club,England,Matlock
Balcombe II,51,balcombe-ii,England,Balcombe
Hanwood Football Club (HFC),51,hanwood-football-club,England,Hanwood
Larne RFC,51,larne-rugby-football-club-4c9cbb05,Northern Ireland,Rugby Football Club
Airdrie 2010 Reds,51,airdrieonians-community-club-2010,Scotland,Airdrie
Dunbleholden FC,51,chapelton-maroons,England,
Camden Falcons Football Club,51,camden-falcons-football-club,England,Camden
Bromleians FC,51,bronley-fc-yoith,England,
Chipping Norton,51,chipping-norton,England,Chipping Norton
Bowers,50,bowers,England,Basildon
Hampton In Arden Hockey Club,50,hampton-in-arden-hockey-club,England,Hampton in Arden
Bowers,50,bowers,England,Basildon
McDermid Ladies & RRWGFC,50,mcdermid-ladies,Scotland,
Harrodian PE,50,alastair-lydon,England,
Islington,50,islington,England,Islington
Dominican,50,dominican-university-new-york,England,
Basingstoke,50,basingstoke-town-women,England,
Glasgow free,50,glasgow-free,Scotland,
Chigwell School,50,chigwell-school,England,Chigwell
Havant,50,havant-rfc-6d9fa73f,England,
Armthorpe Welfare FC,50,armthorpe-welfare-fc,England,Armthorpe
Crusaders Rugby Club,50,crusaders-rugby-club-a52cf461,Northern Ireland,Belfast
FC Chippenham Youth,50,fc-chippenham-youth,England,Chippenham
Kettering Town,50,kettering-town-109117db,England,
Bowers,50,bowers,England,Basildon
Wycombe Wanderers Henley College U19,50,henley-college-wycombe-wanderers,England,Henley-on-Thames
Irlam,50,mkhypertv,England,Irlam
