13Sports,17,https://www.13sports.com,info@13sports.com,,Success
London Welsh RFC,141,https://www.londonwelshrfc.com,jonathan.shankland@londonwelshrfc.co.uk,,Success
Lobos Rush,23,https://www.lobosrush.com,playsoccer@lobosrush.com,,Success
Pats,16,https://www.pats.co.uk,user@domain.com,,Success
210 FC,84,https://www.210fc.com,justin.thompson@210fc.com,,Success
210FC,37,https://www.210fc.com,justin.thompson@210fc.com,,Success
NFC,35,https://www.nfc.co.uk,hey-logo@2x.png,,Success
2 de mayo,322,https://www.2demayo.com,comercial@2dmayo.com,,Success
3FCAcademy,87,https://www.3fcacademy.co.uk,3fcacademy@gmail.com,07896725657,Success
360 Soccer Centre,134,https://www.360soccercentre.com,605a7baede844d278b89dc95ae0a9123@sentry-next.wixpress.com,,Success
360TFT,77,https://www.360tft.com,admin@360tft.com,07926679298,Success
4CORNERSPORT,32,https://www.4cornersport.co.uk,4cornersportcontact@gmail.com,07802839457,Success
Next Level,77,https://www.nextlevel.com,info@nextlevel.com,,Success
24/8,26,https://www.248.co.uk,hey-logo@2x.png,,Success
AaB,1000,https://www.aab.com,dm-quanzhou@300.cn,,Success
A.A.F.C,190,https://www.aafc.com,user@domain.com,,Success
BELSTONE FC,165,https://www.belstonefc.com,2431fa97889e4751b7ff02313b91d5a7@sentry.io,,Success
Huima,225,https://www.huima.com,asiakaspalvelu@huima.com,,Success
Tampa Bay United,30,https://www.tampabay.com,custserv@tampabay.com,,Success
5v5 Soccer,111,https://www.5v5soccer.com,flags@2x.png,,Success
3:23,217,https://www.323.co.uk,hey-logo@2x.png,,Success
FCF,152,https://www.fcf.com,admin@telepathy.com,,Success
345 FC,146,https://www.345.co.uk,hey-logo@2x.png,,Success
Abbeyfeale RFC,40,https://www.abbeyfealerfc.com,office@abbeyfealerfc.com,,Success
Abbey Gate College,42,https://www.abbeygatecollege.co.uk,admin@abbeygatecollege.co.uk,,Success
Aarhus Fremad,406,https://www.aarhusfremad.com,bestyrelse@aarhusfremad.com,,Success
AGF,21,https://www.agf.co.uk,hey-logo@2x.png,,Success
3Lions FC,82,https://www.3lions.com,service@atom.com,,Success
Aberdeen Wanderers,42,https://www.aberdeenwanderers.com,2431fa97889e4751b7ff02313b91d5a7@sentry.io,,Success
Abbey Hey Fc,179,https://www.abbeyheyfc.co.uk,2431fa97889e4751b7ff02313b91d5a7@sentry.io,,Success
Abingdon,34,https://www.abingdonfc.com,recruitment@abingdonfc4.org,,Success
Abingdon United,159,https://www.abingdonfc.com,recruitment@abingdonfc4.org,,Success
Abingdon United,29,https://www.abingdonfc.com,recruitment@abingdonfc4.org,,Success
Ablope,162,https://www.ablope.com,info@ablope.com,,Success
Abingdon,331,https://www.abingdonfc.com,recruitment@abingdonfc4.org,,Success
AFCL,17,https://www.afcl.com,info@afcl.com,,Success
A23,375,https://www.a23.com,info@a23.com,,Success
Abinsay FC,612,https://www.abinsay.com,name@domain.com,,Success
Academica SC,45,https://www.academicasc.com,info@academicasc.com,,Success
AFC,36,https://www.afc.co.uk,contact@afc.co.uk,,Success
AC Amager,29,https://www.acamager.com,nikolaj@acamager.com,,Success
Agf,18,https://www.agf.co.uk,hey-logo@2x.png,,Success
AC Amager Academy,13,https://www.acamager.com,nikolaj@acamager.com,,Success
AC Amager,45,https://www.acamager.com,nikolaj@acamager.com,,Success
Right to Dream,433,https://www.righttodream.com,605a7baede844d278b89dc95ae0a9123@sentry-next.wixpress.com,,Success
ACAKORO,32,https://www.acakoro.com,605a7baede844d278b89dc95ae0a9123@sentry-next.wixpress.com,,Success
AAFP,198,https://www.aafp.com,aafp@aafp.org,,Success
AC Connecticut,15,https://www.acconnecticut.com,info@acconnecticut.com,,Success
AC Connecticut,355,https://www.acconnecticut.com,info@acconnecticut.com,,Success
A.C.D. A Seca,85,https://www.acdaseca.com,comunicacion@acdaseca.com,,Success
Accrington Wildcats,23,https://www.accringtonwildcats.co.uk,2431fa97889e4751b7ff02313b91d5a7@sentry.io,07581845510,Success
ACE sports,20,https://www.acesports.com,info@acesports.com,,Success
Amir Cohen,61,https://www.amircohen.com,support@pixelunion.net,,Success
ACcoaching,75,https://www.accoaching.co.uk,info@accoaching.co.uk,,Success
LEON,188,https://www.leonfc.co.uk,info@leonfc.co.uk,07508243500,Success
Ackworth Girls FC,18,https://www.ackworthgirlsfc.com,logo@2x.png,07498740063,Success
Accelerated Development,45,https://www.accelerateddevelopment.com,info@accelerateddevco.com,,Success
A.C. TRENTO,287,https://www.actrento.com,ufficiostampa@actrento.com,,Success
AC Salisbury,41,https://www.acsalisbury.com,acsalisbury@crownsportscenter.com,,Success
Pro Palazzolo,55,https://www.propalazzolo.com,segreteria@propalazzolo.com,,Success
AEWFC,11,https://www.aewfc.co.uk,2431fa97889e4751b7ff02313b91d5a7@sentry.io,,Success
ASC USA,59,https://www.ascusa.com,service@ascusa.com,,Success
Ackworth School,19,https://www.ackworthschool.com,admissions@ackworthschool.com,,Success
Addlestone F.C,108,https://www.addlestonefc.co.uk,contactus@lynefc.co.uk,,Success
Adelaide Jaguars,111,https://www.adelaidejaguars.com,user@domain.com,,Success
Buds,173,https://www.buds.co.uk,605a7baede844d278b89dc95ae0a9123@sentry-next.wixpress.com,,Success
Adam Wilkinson,286,https://www.adamwilkinson.com,office@impactmeasurement.net,,Success
Addison,23,https://www.addison.com,info@addison.com,,Success
Across The Waves Football Club,28,https://www.acrossthewaves.com,logo@2x.png,0741521531,Success
ACSI,172,https://www.acsi.co.uk,info@acsi.eu,,Success
Springs,75,https://www.springs.co.uk,enquiries@springs.co.uk,,Success
ADCV,110,https://www.adcv.com,info@adcv.com,,Success
AD Esperanza,72,https://www.adesperanza.com,club@adesperanza.com,,Success
AC Taipei,160,https://www.actaipei.com,contact@actaipei.com,,Success
Adour Dax Basket,38,https://www.adourdaxbasket.com,adour-dax-basket@orange.fr,,Success
AFDA Leicester,60,https://www.lcfc.com,lcfchelp@lcfc.co.uk,,Success
AFC Crewe,87,https://www.afccrewe.com,press@nufan.co.uk,,Success
Afc Chelmsley,26,https://www.afcchelmsley.co.uk,club.admin@afcchelmsley.co.uk,,Success
AFC,23,https://www.afc.co.uk,contact@afc.co.uk,,Success
AFC,38,https://www.afc.co.uk,contact@afc.co.uk,,Success
AFC Liverpool,42,https://www.liverpoolfc.com,contactus@liverpoolfc.com,,Success
Profe,179,https://www.profe.com,info@profe.com,,Success
AFC Corsham,135,https://www.afccorsham.co.uk,2431fa97889e4751b7ff02313b91d5a7@sentry.io,,Success
AFC Chilton,28,https://www.afcchilton.co.uk,info@afcchilton.co.uk,,Success
AFC Liverpool,46,https://www.liverpoolfc.com,contactus@liverpoolfc.com,,Success
AFC Knowsley,226,https://www.afcknowsley.co.uk,enquiries@afcknowsley.co.uk,,Success
AFC,10,https://www.afc.co.uk,contact@afc.co.uk,,Success
AFC Brooklands,21,https://www.afcbrooklands.co.uk,user@domain.com,,Success
AFC Gnosall,85,https://www.afcgnosall.co.uk,afc.gnosall@gmail.com,,Success
AFC Ewell,10,https://www.afcewell.com,2431fa97889e4751b7ff02313b91d5a7@sentry.io,,Success
AFC Ewell,214,https://www.afcewell.com,2431fa97889e4751b7ff02313b91d5a7@sentry.io,,Success
Fillies,69,https://www.fillies.co.uk,info@fillies.co.uk,07590422538,Success
AFC DWS,89,https://www.afcdws.com,info@afcdws.com,,Success
AFC,88,https://www.afc.co.uk,contact@afc.co.uk,,Success
AFC,112,https://www.afc.co.uk,contact@afc.co.uk,,Success
AFC,78,https://www.afc.co.uk,contact@afc.co.uk,,Success
Afc Lewisham,30,https://www.afclewisham.com,afclewisham@outlook.com,07961852271,Success
AD Parla,30,https://www.adparla.com,oficina@adparla.com,,Success
AFC Lewisham,14,https://www.afclewisham.com,afclewisham@outlook.com,07961852271,Success
AFC Stoneham,426,https://www.afcstoneham.co.uk,chairman@afcstoneham.co.uk,,Success
AFC SOUTHGATE,36,https://www.afcsouthgate.com,info@afcsouthgate.com,,Success
AFC Walcountians,87,https://www.afcwalcountians.co.uk,user@domain.com,,Success
AFC Varsity,99,https://www.afcvarsity.co.uk,info@afcvarsity.co.uk,,Success
Lightning,134,https://www.lightningfc.co.uk,contact@lightningfc.co.uk,,Success
AFC Sudbury,622,https://www.afcsudbury.co.uk,secretary@afcsudbury.co.uk,,Success
Eagles,20,https://www.eaglesfc.co.uk,londoneaglesfc@gmail.com,,Success
Diamonds,28,https://www.diamonds.com,concierge@diamonds.com,,Success
AFC Leyton,200,https://www.afcleyton.co.uk,info@afcleyton.co.uk,,Success
AFL,164,https://www.aflfc.com,info@aflfc.org,,Success
agbcm,36,https://www.agbcm.com,duboisolivia@hotmail.com,,Success
Aggies FC,379,https://www.aggiesfc.com,info@mysite.com,,Success
Aggies FC,12,https://www.aggiesfc.com,info@mysite.com,,Success
Aggies FC,19,https://www.aggiesfc.com,info@mysite.com,,Success
Aghabullogue GAA,23,https://www.aghabulloguegaa.com,pro.aghabullogue.cork@gaa.ie,,Success
UTA,45,https://www.uta.com,cards@uta.com,,Success
AGF,1855,https://www.agf.co.uk,hey-logo@2x.png,,Success
ASA,31,https://www.asa.com,contato@asa.com.br,,Success
Agile srl,11,https://www.agilesrl.com,segreteria@agilesrl.com,,Success
Afif,12,https://www.afiffc.com,afifclup@hotmail.com,,Success
Airdrie FC,59,https://www.airdriefc.com,605a7baede844d278b89dc95ae0a9123@sentry-next.wixpress.com,07710230775,Success
AFE,50,https://www.afe.co.uk,hey-logo@2x.png,,Success
abc,53,https://www.abc.com,ent_herologo_hulu@2x.png,,Success
A.D PARLA,50,https://www.adparla.com,oficina@adparla.com,,Success
AK Soccer Academy,143,https://www.aksoccer.com,605a7baede844d278b89dc95ae0a9123@sentry-next.wixpress.com,,Success
Afc,33,https://www.afc.co.uk,contact@afc.co.uk,,Success
AJX FC,76,https://www.ajx.co.uk,hey-logo@2x.png,,Success
AKS Lytham,10,https://www.akslytham.com,info@akslytham.com,,Success
AFC,145,https://www.afc.co.uk,contact@afc.co.uk,,Success
AJX FC,29,https://www.ajx.co.uk,hey-logo@2x.png,,Success
Albe FC,77,https://www.albe.com,sales@albe.com,,Success
AFC,38,https://www.afc.co.uk,contact@afc.co.uk,,Success
AGUILAS FC,21,https://www.aguilasfc.com,aguilasfcreedley@gmail.com,,Success
Albion East,99,https://www.albioneast.com,user@domain.com,,Success
Alamein FC,319,https://www.alamein.com,marketing@alamein.com,,Success
Aguilas,56,https://www.aguilasfc.com,aguilasfcreedley@gmail.com,,Success
Akaw Sports,11,https://www.akawsports.com,info@akawsports.com,,Success
APRA,30,https://www.apra.com,8_a_stars@4x.png,,Success
Alder FC,20,https://www.alderfc.com,alderfutbolclub@gmail.com,,Success
Alconbury Colts,79,https://www.alconburycolts.com,admin.assc@btconnect.com,,Success
Alderley Edge,22,https://www.alderleyedge.com,icon@2x.png,,Success
Coach Alex,226,https://www.coachalex.com,coachalex@soccerlearningcenter.com,,Success
Alchemy,31,https://www.alchemy.com,press@alchemy.com,,Success
Albyn School,79,https://www.albynschool.co.uk,info@albynschool.org,,Success
Alexandra Park Football Club,30,https://www.alexandraparkfc.co.uk,apfcnews@gmail.com,,Success
Alianza,59,https://www.alianzafc.com,user@domain.com,,Success
Sheffield United Academy,2651,https://www.sheffieldfc.com,info@sheffieldfc.com,,Success
ALL4T,219,https://www.all4t.com,chris@all4t.com,,Success
Allbrads,443,https://www.allbrads.com,contacto@allbrads.com,,Success
Alexander,65,https://www.alexander.co.uk,info@alexander.co.uk,01618324841,Success
Alexander,544,https://www.alexander.co.uk,info@alexander.co.uk,01618324841,Success
Twins FC,79,https://www.twins.com,privacy@website.mlb.com,,Success
Al Hilal,30,https://www.alhilalfc.com,iraid@me.com,,Success
AFC,173,https://www.afc.co.uk,contact@afc.co.uk,,Success
Alliance Soccer Club,18,https://www.alliancesoccerclub.com,doc@alliancesoccerclub.com,,Success
Alliance Soccer Club,35,https://www.alliancesoccerclub.com,doc@alliancesoccerclub.com,,Success
All In FC,176,https://www.allinfc.com,mark.mackain@allinfc.com,,Success
Alliance Soccer Club,59,https://www.alliancesoccerclub.com,doc@alliancesoccerclub.com,,Success
Alliance Soccer Club,40,https://www.alliancesoccerclub.com,doc@alliancesoccerclub.com,,Success
Dawson,71,https://www.dawson.com,information@dawson.com,,Success
All-in,56,https://www.allinfc.com,mark.mackain@allinfc.com,,Success
Alliance Futbol Club,65,https://www.alliancefutbolclub.com,admin@alliancefutbol.club,,Success
ALL IN,14,https://www.allinfc.com,mark.mackain@allinfc.com,,Success
All In FC,20,https://www.allinfc.com,mark.mackain@allinfc.com,,Success
AFC,157,https://www.afc.co.uk,contact@afc.co.uk,,Success
ALL IN,143,https://www.allinfc.com,mark.mackain@allinfc.com,,Success
Alliance Soccer Club,14,https://www.alliancesoccerclub.com,doc@alliancesoccerclub.com,,Success
SF Glens,45,https://www.sfglens.com,info@sfglens.com,,Success
All-in FC,10,https://www.allinfc.com,mark.mackain@allinfc.com,,Success
AL IHSAAN FC,19,https://www.alihsaan.com,alihsaan.mu@gmail.com,,Success
Allerton FC,43,https://www.allertonfc.co.uk,allertonfootballclub@gmail.com,07599451890,Success
ASH,37,https://www.ash.com,cs@ash.com,,Success
Alloa Athletic FC,55,https://www.alloa.com,alloa@alloa.fr,,Success
Basketball,169,https://www.basketball.com,amiller@hilcoglobal.com,,Success
Allscott Heath FC,110,https://www.allscottheathfc.com,support@webador.com,,Success
Allenwood,49,https://www.allenwood.co.uk,info@any-village.co.uk,,Success
Allen Gaels,94,https://www.allengaels.com,allengaelsgaa@gmail.com,,Success
All Sports 4 Kids,16,https://www.allsports4kids.com,contact@allsports4kids.com,,Success
Allegiant FC,21,https://www.allegiant.co.uk,helpdesk@allegiant-finance.co.uk,,Success
Almondsbury FC,19,https://www.almondsburyfc.com,605a7baede844d278b89dc95ae0a9123@sentry-next.wixpress.com,,Success
Almondsbury Youth,68,https://www.almondsburyfc.com,605a7baede844d278b89dc95ae0a9123@sentry-next.wixpress.com,,Success
Alpha,55,https://www.alphafc.co.uk,admin@alphafc.co.uk,07956122207,Success
Alphen,90,https://www.alphen.com,webmaster@alphen.com,,Success
Ambush,146,https://www.ambushfc.com,ambushfcllc@gmail.com,,Success
AFC,44,https://www.afc.co.uk,contact@afc.co.uk,,Success
AFC,120,https://www.afc.co.uk,contact@afc.co.uk,,Success
Alpha,97,https://www.alphafc.co.uk,admin@alphafc.co.uk,07956122207,Success
Alpha,26,https://www.alphafc.co.uk,admin@alphafc.co.uk,07956122207,Success
Alphington Football Club,74,https://www.alphingtonfc.com,605a7baede844d278b89dc95ae0a9123@sentry-next.wixpress.com,,Success
Callie,20,https://www.callie.com,vip-pc-bg@2x.png,0174341202,Success
Altarnun,37,https://www.altarnun.co.uk,info@any-village.co.uk,,Success
ASA,58,https://www.asa.com,contato@asa.com.br,,Success
Altrincham hale fc,60,https://www.altrinchamhalefc.com,605a7baede844d278b89dc95ae0a9123@sentry-next.wixpress.com,07986382147,Success
Al Najma,202,https://www.alnajma.co.uk,info@alnajma.co.uk,,Success
ALTO ACADEMY,63,https://www.alto.com,care@alto.com,,Success
Altona city,14,https://www.altona.com,impallari@gmail.com,,Success
Alpharetta,138,https://www.alpharetta.com,info@alpharetta.com,,Success
Altona City,11,https://www.altona.com,impallari@gmail.com,,Success
Altona City,13,https://www.altona.com,impallari@gmail.com,,Success
altona city,11,https://www.altona.com,impallari@gmail.com,,Success
Altona,12,https://www.altona.com,impallari@gmail.com,,Success
Altona City,13,https://www.altona.com,impallari@gmail.com,,Success
Amaanah Lions,39,https://www.amaanahlions.com,richard@amaanahlions.org,,Success
ASM,16,https://www.asmfc.com,contact@asmfc.com,,Success
AMERICAN SPORTS MGMT,89,https://www.americansportsmgmt.com,user@domain.com,,Success
Amarillo,74,https://www.amarillo.com,site-nav-logo@2x.png,,Success
Amarillo,25,https://www.amarillo.com,site-nav-logo@2x.png,,Success
AFHS,50,https://www.afhs.co.uk,info@afhs.co.uk,,Success
AMA,31,https://www.ama.com,admin@telepathy.com,,Success
Amherst Soccer,71,https://www.amherstsoccer.com,girlstravel@amherstsoccer.com,,Success
Amherst Soccer,21,https://www.amherstsoccer.com,girlstravel@amherstsoccer.com,,Success
Amir,170,https://www.amir.com,info@amir.com,,Success
Ampthill RUFC,67,https://www.ampthillrufc.com,marketing@ampthillrufc.com,,Success
AMORA FC SAD,307,https://www.amorasad.com,contact@amorasad.com,,Success
AFC,52,https://www.afc.co.uk,contact@afc.co.uk,,Success
Longstone,45,https://www.longstone.com,info@longstone.com,,Success
Canterbury Academy,43,https://www.canterbury.com,care@canterbury.com,,Success
Andres,30,https://www.andres.com,hello@andres.com,,Success
Ancaster Legacy,83,https://www.ancasterlegacy.com,admin@ancasterlegacy.com,,Success
Americas FC,92,https://www.americas.co.uk,katrina@americas.co.uk,,Success
Anchorians,36,https://www.anchoriansfc.co.uk,605a7baede844d278b89dc95ae0a9123@sentry-next.wixpress.com,,Success
Vikings,10,https://www.vikings.com,hello@getstoryteller.com,,Success
Chin Family,184,https://www.chinfamily.com,1@2x.png,,Success
andGO Sports,479,https://www.andgosports.com,admin@mail.com,,Success
Anderson High School,90,https://www.andersonhighschool.com,webmaster@andersonhighschool.com,,Success
Anstey Nomads,179,https://www.ansteynomads.com,bookings@ansteynomads.com,,Success
Angels FC,16,https://www.angels.com,privacy@website.mlb.com,0161333425,Success
Annan Rugby,44,https://www.annanrugby.com,contact@annanrfc.com,07981012659,Success
Emery,115,https://www.emery.com,team@emery.com,,Success
Angels United,54,https://www.angels.com,privacy@website.mlb.com,0161333425,Success
Angel FC,56,https://www.angel.com,support@angel.com,,Success
anthon,15,https://www.anthon.com,anthon@anthon.com,,Success
Animo FC,344,https://www.animo.com,info@animo.com,,Success
Animo FC,43,https://www.animo.com,info@animo.com,,Success
Annerley FC,192,https://www.annerleyfc.com,annerleyfc80th@gmail.com,,Success
APEA,159,https://www.apea.com,questions@apea.com,,Success
AOI Pro,237,https://www.aoipro.com,tech@aoipro.com,,Success
PSP Imola,112,https://www.pspimola.com,605a7baede844d278b89dc95ae0a9123@sentry-next.wixpress.com,,Success
Anthony Wayne,58,https://www.anthonywayne.com,den@anthonywayne.com,,Success
Apex,259,https://www.apexfc.com,david@apexfc.com,,Success
Arbitrage,37,https://www.arbitrage.com,contact@arbitrage.com,,Success
Anoble,37,https://www.anoble.com,info@anoblelogistics.com,,Success
Arabian Falcons,35,https://www.arabianfalconsfc.com,info@arabianfalconsfc.com,,Success
ACS(I),85,https://www.acsi.co.uk,info@acsi.eu,,Success
Apex Fc,90,https://www.apexfc.com,david@apexfc.com,,Success
Anoble,177,https://www.anoble.com,info@anoblelogistics.com,,Success
Ardee Celtic,82,https://www.celticfc.com,sign-for-celtic@2x.png,,Success
Ardley United FC,65,https://www.ardley.com,info@ardley.com,,Success
Arena Beach Sports,31,https://www.arenabeachsports.com,605a7baede844d278b89dc95ae0a9123@sentry-next.wixpress.com,,Success
Ardmore Rovers,78,https://www.ardmore.co.uk,info@ardmore.co.uk,,Success
Winton,135,https://www.winton.com,enquiries@winton.com,,Success
WTOC,33,https://www.wtoc.com,publicfile@wtoc.com,,Success
Archway,165,https://www.archway.com,info@archway.com,,Success
Ardmore,26,https://www.ardmore.co.uk,info@ardmore.co.uk,,Success
Aravaca CF,75,https://www.aravacacf.com,aravacaclubdefutbol@gmail.com,,Success
Ariana FC,114,https://www.arianafc.com,info@afcmalmo.se,,Success
APA Poble Sec,97,https://www.apapoblesec.com,info@apapoblesec.com,,Success
AFC,287,https://www.afc.co.uk,contact@afc.co.uk,,Success
Arkansas Comets,462,https://www.arkansascometsfc.com,605a7baede844d278b89dc95ae0a9123@sentry-next.wixpress.com,,Success
Pirates,52,https://www.pirates.com,privacy@website.mlb.com,,Success
Arlington Soccer,3947,https://www.arlingtonsoccer.com,info@arlingtonsoccer.com,,Success
ARIS FC,713,https://www.arisfc.com,info@arisfc.com,,Success
ARENAS CLUB,248,https://www.arenasclub.com,administracion@arenasclub.com,,Success
Armada FC,64,https://www.armadafc.com,13e49d785d8d4f828038b6136f3b48ba@sentry.io,,Success
Aris,174,https://www.arisfc.com,info@arisfc.com,,Success
Armada FC,47,https://www.armadafc.com,13e49d785d8d4f828038b6136f3b48ba@sentry.io,,Success
Armada,82,https://www.armadafc.com,13e49d785d8d4f828038b6136f3b48ba@sentry.io,,Success
Arrows of Liberty,194,https://www.arrowsofliberty.com,arrowsofliberty@hotmail.com,,Success
Arlington,55,https://www.arlington.com,info@arlington.com,,Success
Arlington,95,https://www.arlington.com,info@arlington.com,,Success
Arlington,24,https://www.arlington.com,info@arlington.com,,Success
Arlington FC,104,https://www.arlington.com,info@arlington.com,,Success
Self,19,https://www.self.com,help@newyorker.com,,Success
Arbitrage,95,https://www.arbitrage.com,contact@arbitrage.com,,Success
Arnold Eagles FC,46,https://www.arnoldeagles.com,eben@eyebytes.com,,Success
Aris,103,https://www.arisfc.com,info@arisfc.com,,Success
Aris FC,53,https://www.aris.com,partnersupportdesk@aris.com,,Success
Artemisium FC,53,https://www.artemisium.co.uk,605a7baede844d278b89dc95ae0a9123@sentry-next.wixpress.com,,Success
Ascension,60,https://www.ascensionfc.com,impallari@gmail.com,,Success
A.S.D. AMBROSIANA,66,https://www.asdambrosiana.com,info@asdambrosiana.com,,Success
ASC New Stars,129,https://www.ascnewstars.com,ascnewstars@gmail.com,,Success
Ascot Youth,166,https://www.ascot.com,will.aitkenhead@ascot.com,,Success
Calcio Brusaporto,103,https://www.calciobrusaporto.com,miae-mail@servizioe-mail.com,01704180163,Success
Asbury,58,https://www.asbury.com,marketing@asbury.com,,Success
A.S.D. CALCIO SARCEDO,24,https://www.asdcalciosarcedo.com,calciosarcedo@gmail.com,,Success
Ashmount Leigh FC,67,https://www.ashmountleighfc.co.uk,chairman.ashmountleighfc@gmail.com,07449177022,Success
Ashton Bears ARLFC,96,https://www.ashtonbearsarlfc.com,hello@ashtonbearsarlfc.com,,Success
ASA,91,https://www.asa.com,contato@asa.com.br,,Success
Ase Jnr Tigers,30,https://www.asejnrtigers.co.uk,asejnrtigers@gmail.com,,Success
ASD Cluentina Calcio,127,https://www.asdcluentinacalcio.com,info@ssmaceratese1922.it,,Success
ASK,19,https://www.askfc.com,sogoba3@gmail.com,,Success
Ashley & Joshua,11,https://www.ashleyjoshua.com,user@domain.com,,Success
Asker,48,https://www.asker.com,bokbild@2x.webp,,Success
Ashcott FC,84,https://www.ashcottfc.co.uk,welfare@ashcottfc.co.uk,,Success
ASESG,57,https://www.asesg.com,605a7baede844d278b89dc95ae0a9123@sentry-next.wixpress.com,,Success
ASG SA,129,https://www.asgsa.com,info@asg.es,,Success
Ash United FC,189,https://www.ash.com,cs@ash.com,,Success
AS Hunspach,122,https://www.ashunspach.com,outreforet.js@alsace.lgef.fr,,Success
Ashton United,145,https://www.ashtonfc.com,enquiries@ashtonfc.com,,Success
Ashton United,133,https://www.ashtonfc.com,enquiries@ashtonfc.com,,Success
ASM,46,https://www.asmfc.com,contact@asmfc.com,,Success
Ashton Town FC,180,https://www.ashtonfc.com,enquiries@ashtonfc.com,,Success
ASA,17,https://www.asa.com,contato@asa.com.br,,Success
Afs vila de sitges,139,https://www.afsviladesitges.com,afsviladesitges@gmail.com,,Success
ASA,64,https://www.asa.com,contato@asa.com.br,,Success
AS Montfortoise,22,https://www.asmontfortoise.com,as.montfort@orange.fr,,Success
Aspire2Be Coaching,35,https://www.aspire2becoaching.co.uk,enquiries@warksis.ac.uk,,Success
Aspire FC,60,https://www.aspirefc.com,martin@fcaspire.com,07984606124,Success
Aspire Academy,290,https://www.aspirefc.com,martin@fcaspire.com,07984606124,Success
Aspire,16,https://www.aspirefc.com,martin@fcaspire.com,07984606124,Success
Aspire FC,278,https://www.aspirefc.com,martin@fcaspire.com,07984606124,Success
Aspire,204,https://www.aspirefc.com,martin@fcaspire.com,07984606124,Success
As montchat Lyon,24,https://www.asmontchatlyon.com,contact@asmontchatlyon.com,,Success
Ascend,220,https://www.ascend.co.uk,readyto@ascend.co.uk,,Success
Ascend FC,47,https://www.ascend.co.uk,readyto@ascend.co.uk,,Success
AFC,114,https://www.afc.co.uk,contact@afc.co.uk,,Success
AS LUDRES,69,https://www.asludres.com,ludresas@meurtheetmoselle.lgef.fr,0767896697,Success
Aston Villa Foundation,152,https://www.avfc.co.uk,william.street@avfc.co.uk,,Success
AS Blainville,382,https://www.asblainville.com,info@zoneasb.ca,,Success
ACH,44,https://www.ach.co.uk,hey-logo@2x.png,,Success
ASTON VILLA WOMEN,1538,https://www.avfc.co.uk,william.street@avfc.co.uk,,Success
Aston Villa Academy,148,https://www.avfc.co.uk,william.street@avfc.co.uk,,Success
Asteras FC,51,https://www.asterasfc.com,605a7baede844d278b89dc95ae0a9123@sentry-next.wixpress.com,,Success
Astley and Tyldesley FC,271,https://www.astleyandtyldesleyfc.com,siellis81@google.com,,Success
Neumarkt,26,https://www.neumarkt.com,redaktion@neumarkt.com,,Success
ASV Jenesien,60,https://www.asvjenesien.com,sportvereinjenesien@gmail.com,01552730218,Success
ATBS,88,https://www.atbs.com,info@atbs.com,,Success
Atherton Town Football Club,93,https://www.atherton.com,raj@atherton.com,,Success
AC Independence,223,https://www.acindependence.com,info@acindependence.com,,Success
Feldthurns,50,https://www.feldthurns.com,info@klausen.it,0714285714,Success
Select Soccer,104,https://www.selectsoccer.co.uk,info@selectsoccer.co.uk,07966055740,Success
Pace Academy,134,https://www.pacefc.co.uk,clubsecretary@pacefc.co.uk,,Success
Athens FC,98,https://www.athens.co.uk,hey-logo@2x.png,,Success
ATLANTIC UNITED PREMIER FC,144,https://www.atlanticpremier.com,jane@atlanticpremierproperties.com,,Success
AS Montis,92,https://www.asmontis.com,info@asmontis.com,,Success
ASFAR,355,https://www.asfar.com,asfar@asfar.com.sa,,Success
ASTRA,493,https://www.astrafc.com,info@astrafc.se,,Success
AFC -,66,https://www.afc.co.uk,contact@afc.co.uk,,Success
Astra F.C,70,https://www.astrafc.com,info@astrafc.se,,Success
Atherton Collieries,115,https://www.athertoncollieries.co.uk,rob@athertoncollieries.co.uk,,Success
Athletic FC Eskilstuna,65,https://www.eskilstunafc.com,grappa_logo@2x.png,,Success
ATM,142,https://www.atm.com,personal-finance-screens-400-v2@3x.jpg,,Success
Atwater Kaos,20,https://www.atwaterkaos.com,user@domain.com,,Success
Pachi,255,https://www.pachi.com,pachi@pachi.com,,Success
Auckland international football club,37,https://www.aucklandinternational.com,sales@aucklandinternational.com,,Success
Atletico Benidorm,31,https://www.atleticobenidorm.com,info@atleticobenidorm.com,,Success
ATM,79,https://www.atm.com,personal-finance-screens-400-v2@3x.jpg,,Success
Aurora FC,42,https://www.aurora.co.uk,generalenquiries@aurora.co.uk,,Success
Aurora FC,12,https://www.aurora.co.uk,generalenquiries@aurora.co.uk,,Success
Aurora FC,14,https://www.aurora.co.uk,generalenquiries@aurora.co.uk,,Success
Atomics Football,87,https://www.atomicsfootball.com,info@atomicsfootball.com,,Success
Aurora FC,309,https://www.aurora.co.uk,generalenquiries@aurora.co.uk,,Success
Aurora FC,54,https://www.aurora.co.uk,generalenquiries@aurora.co.uk,,Success
Atoms,17,https://www.atoms.com,support@atoms.com,,Success
Aurora Football Club,188,https://www.aurora.co.uk,generalenquiries@aurora.co.uk,,Success
Aurora Football Club,107,https://www.aurora.co.uk,generalenquiries@aurora.co.uk,,Success
Aurora FC,100,https://www.aurora.co.uk,generalenquiries@aurora.co.uk,,Success
ACTaipei,57,https://www.actaipei.com,contact@actaipei.com,,Success
Atletico Lusaka,428,https://www.atleticolusaka.com,info@atleticolusaka.com,,Success
Avion,32,https://www.avion.com,avionresearch@gmail.com,,Success
RUGBY,54,https://www.rugby.co.uk,webmaster@press.co.uk,,Success
Avenue,61,https://www.avenue.com,vw-fontsizes@1848.css,,Success
Avondale FC,83,https://www.avondale.com,managementteam@avondale.com,,Success
Aylesbury Vale Dynamos,14,https://www.aylesburyvaledynamos.co.uk,infoavdfc@gmail.com,,Success
Aylesbury Vale Dynamos FC,96,https://www.aylesburyvaledynamos.co.uk,infoavdfc@gmail.com,,Success
Ayr United,75,https://www.ayr.com,ayrheads@ayr.com,,Success
ASSAF,14,https://www.assaf.co.uk,assaf@assaf.co.uk,,Success
Fusion,309,https://www.fusionfc.com,domain@webcraft.com,,Success
Athens United,32,https://www.athens.co.uk,hey-logo@2x.png,,Success
AZFC Select,86,https://www.azfcselect.com,info@azfcselect.com,,Success
AZFC Select,197,https://www.azfcselect.com,info@azfcselect.com,,Success
Azteca,30,https://www.aztecafc.com,aztecafc15@gmail.com,,Success
Aztlan,117,https://www.aztlan.com,info@indiantypefoundry.com,,Success
AYD,50,https://www.ayd.com,admin@telepathy.com,,Success
Ayd,13,https://www.ayd.com,admin@telepathy.com,,Success
AYD,36,https://www.ayd.com,admin@telepathy.com,,Success
AYD,43,https://www.ayd.com,admin@telepathy.com,,Success
Bablake,107,https://www.bablake.com,info.thegrange@csfoundation.org.uk,,Success
AYD,13,https://www.ayd.com,admin@telepathy.com,,Success
AYD,26,https://www.ayd.com,admin@telepathy.com,,Success
BA Baracus Rugby Football Club,21,https://www.babaracusrugby.com,info@babaracusrugby.com,,Success
UNITED SOUTH BAY,252,https://www.southbayfc.com,toaddress@email.com,,Success
United South Bay,30,https://www.southbayfc.com,toaddress@email.com,,Success
B93,62,https://www.b93.com,voluntary.action@dermarite.com,0786479868,Success
Bala Town FC Academy,134,https://www.balafc.com,605a7baede844d278b89dc95ae0a9123@sentry-next.wixpress.com,,Success
Bala’ FC,146,https://www.balafc.com,605a7baede844d278b89dc95ae0a9123@sentry-next.wixpress.com,,Success
Baldivis Soccer Club,101,https://www.baldivissoccerclub.com,contact@baldivissoccerclub.com,,Success
Ball By Design,13,https://www.ballbydesign.com,bbdhoops@gmail.com,,Success
Bak,536,https://www.bak.co.uk,hey-logo@2x.png,,Success
Balanced FC,104,https://www.balancedfc.co.uk,klee@balancedfc.co.uk,,Success
BallersDen,17,https://www.ballersden.com,605a7baede844d278b89dc95ae0a9123@sentry-next.wixpress.com,,Success
The Town,40,https://www.thefc.co.uk,hello@thefc.co.uk,,Success
Balham Ballers FC,503,https://www.balhamballers.com,info@balhamballers.com,,Success
Ballymote Gaa,37,https://www.ballymotegaa.com,kieran.tighe1@gmail.com,,Success
Ballymena_2s,31,https://www.ballymenaunitedfc.com,football@ballymenaunitedfc.com,,Success
Ballymena United FC Development,95,https://www.ballymenaunitedfc.com,football@ballymenaunitedfc.com,,Success
Ballymena United,132,https://www.ballymenaunitedfc.com,football@ballymenaunitedfc.com,,Success
Ballymena rfc,53,https://www.ballymenaunitedfc.com,football@ballymenaunitedfc.com,,Success
Ballymena Academy,30,https://www.ballymenaunitedfc.com,football@ballymenaunitedfc.com,,Success
Ballymena Academy Hockey Club,20,https://www.ballymenaunitedfc.com,football@ballymenaunitedfc.com,,Success
Ballymac GAA,122,https://www.ballymacgaa.com,edward.stack@mail.com,,Success
Ballymena Academy Grammar School,63,https://www.ballymenaunitedfc.com,football@ballymenaunitedfc.com,,Success
Baltimore Celtic 2013 Pre ECNL,75,https://www.celticfc.com,sign-for-celtic@2x.png,,Success
Balonmano Dominicos,87,https://www.balonmanodominicos.com,administracion@balonmanodominicos.com,,Success
Ballyclare High,28,https://www.ballyclarehigh.co.uk,info@ballyclarehigh.ballyclare.ni.sch.uk,,Success
Baltimore Celtic,90,https://www.celticfc.com,sign-for-celtic@2x.png,,Success
Celtic 2011 Pre-Academy,193,https://www.celticfc.com,sign-for-celtic@2x.png,,Success
Ballyclare RFC,90,https://www.ballyclarerfc.co.uk,info@ballyclarerfc.co.uk,,Success
Baltimore Celtic,106,https://www.celticfc.com,sign-for-celtic@2x.png,,Success
Baltimore Celtic,78,https://www.celticfc.com,sign-for-celtic@2x.png,,Success
Celtic,37,https://www.celticfc.com,sign-for-celtic@2x.png,,Success
Baltimore Celtic SC,25,https://www.celticfc.com,sign-for-celtic@2x.png,,Success
BSSC,410,https://www.bssc.com,comments@bssc.com,,Success
Baltimore Celtic,41,https://www.celticfc.com,sign-for-celtic@2x.png,,Success
Baltimore Celtic,48,https://www.celticfc.com,sign-for-celtic@2x.png,,Success
Baltimore Celtic,999,https://www.celticfc.com,sign-for-celtic@2x.png,,Success
Baltimore Celtic,63,https://www.celticfc.com,sign-for-celtic@2x.png,,Success
Ballers of London,10,https://www.ballersoflondon.co.uk,info@ballersoflondon.co.uk,,Success
Baltimore Celtic Union,145,https://www.celticfc.com,sign-for-celtic@2x.png,,Success
Ballarat City FC,378,https://www.ballarat.com,hello@businesseventsballarat.com.au,,Success
Balmoral FC,145,https://www.balmoralfc.com,admin@balmoralfc.com.au,,Success
Balmoral,199,https://www.balmoralfc.com,admin@balmoralfc.com.au,,Success
Balmy Beach Rugby,25,https://www.balmybeachrugby.com,balmybeachjuniors@gmail.com,,Success
Ballykelly,27,https://www.ballykelly.com,vivek@telsamedia.com,,Success
Balzan FC,62,https://www.balzan.com,balzan@balzan.it,,Success
BALZAN FC ACADEMY,118,https://www.balzan.com,balzan@balzan.it,,Success
Banbridge Hockey Club,129,https://www.banbridgehockeyclub.com,info@banbridgehockeyclub.com,,Success
Bangkok Galaxy FC,530,https://www.bangkokgalaxyfc.com,info@bangkokgalaxyfc.com,,Success
Banks o’ Dee,124,https://www.banksodeefc.com,2431fa97889e4751b7ff02313b91d5a7@sentry.io,,Success
Bangor Grammar School,16,https://www.bangorgrammarschool.com,info@bgs.bangor.ni.sch.uk,,Success
Wolfpack,178,https://www.wolfpack.com,support@wolfpack.com,,Success
Banwell FC,79,https://www.banwellfc.co.uk,secretary@banwellfc.co.uk,,Success
Bangor RFC,60,https://www.bangorrfc.com,2431fa97889e4751b7ff02313b91d5a7@sentry.io,,Success
Bangor FC,306,https://www.bangorfc.com,company.secretary@bangorfc.com,,Success
Bangor 1876,57,https://www.bangor1876.com,2431fa97889e4751b7ff02313b91d5a7@sentry.io,,Success
Barnet Nightingales,23,https://www.barnetnightingalesfc.co.uk,secretary@barnetnightingalesfc.co.uk,,Success
Banstead Village,16,https://www.bansteadvillagefc.co.uk,bansteadvillagefc@gmail.com,,Success
Barford,45,https://www.barford.com,info@barford.com,,Success
Barnes Eagles,25,https://www.barneseagles.co.uk,605a7baede844d278b89dc95ae0a9123@sentry-next.wixpress.com,,Success
Barnes Camera,98,https://www.barnescamera.com,barnesrl006@gmail.com,,Success
Barnet FC Academy,148,https://www.barnetfc.com,hivesafeguarding@thehivelondon.com,,Success
Barrow Celtic FC,10,https://www.celticfc.com,sign-for-celtic@2x.png,,Success
Bangor Hockey Club,33,https://www.bangorhockeyclub.com,juniorclub@bangorhockeyclub.com,,Success
BASA,29,https://www.basa.com,basamail@basa.com,,Success
Bashley Football Club,32,https://www.bashleyfc.co.uk,janusz@037.pl,,Success
Lot,14,https://www.lot.com,soc-akamai@lot.pl,,Success
Bancroft,54,https://www.bancroft.co.uk,sales@bancroft.co.uk,,Success
Bashley FC,66,https://www.bashleyfc.co.uk,janusz@037.pl,,Success
Basketball,11,https://www.basketball.com,amiller@hilcoglobal.com,,Success
Mustang,151,https://www.mustangfc.com,sales@mustangfc.com,,Success
BARONA,19,https://www.barona.com,info@barona.com,,Success
SB4U,169,https://www.sb4u.com,565474376@qq.com,,Success
Basing Royals,96,https://www.basingroyalsfc.co.uk,filler@godaddy.com,,Success
Bath Rugby,62,https://www.bathrugby.com,partnerships@bathrugby.com,,Success
Bath Rugby,26,https://www.bathrugby.com,partnerships@bathrugby.com,,Success
Barwell FC,136,https://www.barwell.com,info@barwell.com,,Success
Batley Boys ARLFC,139,https://www.batleyboysarlfc.com,2431fa97889e4751b7ff02313b91d5a7@sentry.io,,Success
Basketballscotland,447,https://www.basketballscotland.co.uk,j.waters@basketballscotland.co.uk,,Success
Bauer,142,https://www.bauer.com,navigation-promo-banner-vapor-flylite-skate-treated_500x@2x.jpg,0703144457,Success
Battlefield,132,https://www.battlefield.com,privacy_policy@ea.com,,Success
Burlington,83,https://www.burlington.com,info@burlingtoninvestors.com,,Success
Carson,53,https://www.carsonfc.com,pres@carsonfc.org,,Success
Bayshore SC,153,https://www.bayshoresc.com,media.bayshoresc@gmail.com,,Success
BBRFC celtic,183,https://www.celticfc.com,sign-for-celtic@2x.png,,Success
Bangalore City Football Club,21,https://www.bangalore.co.uk,info@bangalore.co.uk,,Success
BRSC,145,https://www.brsc.com,info@brsc.com,,Success
BC Efferen,74,https://www.bcefferen.com,info@bcefferen.com,,Success
BRSC,64,https://www.brsc.com,info@brsc.com,,Success
Celtic G13 White,33,https://www.celticfc.com,sign-for-celtic@2x.png,,Success
BRSC,120,https://www.brsc.com,info@brsc.com,,Success
Be 7 Athletics,102,https://www.be7athletics.com,sports@be7athletics.com,,Success
BBL Elite,15,https://www.bblelite.com,luciano@latinotype.com,,Success
BRSC,103,https://www.brsc.com,info@brsc.com,,Success
BRSC,126,https://www.brsc.com,info@brsc.com,,Success
Western,118,https://www.westernfc.co.uk,vanhire@westernfc.co.uk,,Success
Bay Area United FC,33,https://www.bayarea.com,content@bayareanewsgroup.com,,Success
BCV,99,https://www.bcv.com,rgarg@baincapital.com,,Success
BC Rugby,110,https://www.bcrugby.com,info@bcrugby.com,,Success
Beacon Hill Rovers Football Club,47,https://www.beaconhillfc.com,info@abhunited.com.au,,Success
BC Elite,15,https://www.bcelite.co.uk,services@bonchurchbc.com,,Success
BSA Celtic,89,https://www.celticfc.com,sign-for-celtic@2x.png,,Success
BCH,13,https://www.bch.com,partners@bch.com,,Success
Bedford Girl's School,27,https://www.bedfordgirlsschool.co.uk,logo@2x.png,,Success
Beckenham RFC,132,https://www.beckenhamrfc.com,2431fa97889e4751b7ff02313b91d5a7@sentry.io,,Success
Beaumont School,18,https://www.beaumontschool.com,admin@beaumont.school,,Success
Beachside Soccer Club,188,https://www.beachsidesoccerclub.com,registrar@beachsideimpact.com,,Success
BYSC,141,https://www.bysc.co.uk,info@bysc.co.uk,07837379371,Success
Bedfont FC,67,https://www.bedfontfc.com,eben@eyebytes.com,,Success
Bedford Hockey Club,69,https://www.bedfordhockeyclub.com,2431fa97889e4751b7ff02313b91d5a7@sentry.io,07939524883,Success
Bedfont Sports Club,291,https://www.bedfontsportsclub.co.uk,2431fa97889e4751b7ff02313b91d5a7@sentry.io,,Success
Beckenham RFC,73,https://www.beckenhamrfc.com,2431fa97889e4751b7ff02313b91d5a7@sentry.io,,Success
Belfast Celtic,37,https://www.celticfc.com,sign-for-celtic@2x.png,,Success
Beer Albion,83,https://www.beeralbionfc.co.uk,605a7baede844d278b89dc95ae0a9123@sentry-next.wixpress.com,,Success
Bears,196,https://www.bearsfc.com,jun@bearsfc.com,,Success
Bellurgan United Football Club,22,https://www.bellurgan.com,user@domain.com,,Success
Belmont Football Club,110,https://www.belmontfc.com,605a7baede844d278b89dc95ae0a9123@sentry-next.wixpress.com,,Success
Belsize Park,61,https://www.belsizeparkfc.com,belsizeparkfc@outlook.com,,Success
Belstone FC,15,https://www.belstonefc.com,2431fa97889e4751b7ff02313b91d5a7@sentry.io,,Success
Rugby Academy,160,https://www.rugby.co.uk,webmaster@press.co.uk,,Success
Beltway Lacrosse,26,https://www.beltwaylacrosse.com,blx@beltwaylacrosse.com,,Success
Belmont Villa,129,https://www.belmontvilla.com,reservations@belmontvilla.com,,Success
bedford high school,18,https://www.bedfordhighschool.co.uk,techsupport@bedford.wigan.sch.uk,,Success
BHPP,257,https://www.bhpp.com,info@bhpp.com,,Success
Become Elite Soccer,242,https://www.becomeelitesoccer.com,info@becomeelitesoccer.com,,Success
Benfleet FC,303,https://www.benfleetfc.co.uk,2431fa97889e4751b7ff02313b91d5a7@sentry.io,,Success
Belfast,12,https://www.belfast.co.uk,info@belfast.co.uk,,Success
B-elite,15,https://www.belite.com,belitemed@gmail.com,,Success
Bellport,43,https://www.bellport.com,larry@bellport.com,,Success
Beaconsfield Town Football Club,71,https://www.beaconsfield.com,interet@beaconsfield.com,,Success
Ben Ely,277,https://www.benely.com,info@benely.com,,Success
Beragh Swifts,86,https://www.beraghswifts.com,beraghswifts@outlook.com,,Success
Benson,297,https://www.benson.com,you@benson.com,,Success
Benson Maduro,159,https://www.bensonmaduro.com,bensonmaduro@outlook.com,,Success
Benson,140,https://www.benson.com,you@benson.com,,Success
Bergdalen,99,https://www.bergdalen.com,pensionat.bergdalen@gmail.com,,Success
Berchem Brussels FC,18,https://www.berchembrusselsfc.com,inscriptions@berchembrussels.com,,Success
BIF,113,https://www.bif.co.uk,hey-logo@2x.png,,Success
Bentworth,23,https://www.bentworth.com,info@bentworth.com,,Success
BeraBera,341,https://www.berabera.com,info@berabera.com,,Success
Berks United,178,https://www.berks.com,gtp@berks.com,,Success
Besseges,17,https://www.besseges.co.uk,orders@besseges.co.uk,,Success
Betteshanger,119,https://www.betteshangerfc.co.uk,user@domain.com,,Success
Berks County FC,19,https://www.berkscountyfc.com,2431fa97889e4751b7ff02313b91d5a7@sentry.io,,Success
Berns,22,https://www.berns.co.uk,property@berns.co.uk,,Success
Bienna Jets,13,https://www.biennajets.com,605a7baede844d278b89dc95ae0a9123@sentry-next.wixpress.com,,Success
BSC,30,https://www.bsc.co.uk,help@bsc.co.uk,,Success
Big Game Youth League,193,https://www.biggameleague.com,richli.lm19@gmail.com,,Success
BHC,12,https://www.bhc.com,contact@thebhc.com,,Success
Billingham,34,https://www.billingham.com,info@billinghamusa.com,,Success
BSFC,61,https://www.bsfc.com,bsfc@bsfc.com,,Success
Bev Town,81,https://www.bev.com,admin@telepathy.com,,Success
Bev Town,130,https://www.bev.com,admin@telepathy.com,,Success
Big Fish FC,16,https://www.bigfish.co.uk,hello@bigfish.co.uk,,Success
Beverley RUFC,69,https://www.beverleyrufc.co.uk,events@beverleyrufc.co.uk,,Success
Black Hills Rapids,49,https://www.blackhillsrapids.com,info@blackhillsrapids.com,,Success
Birdville Hawks,181,https://www.birdvillehawks.com,info@birdvillehawks.com,,Success
Birkenhead School,100,https://www.birkenheadschool.co.uk,enquire@birkenheadschool.co.uk,,Success
Binswanger,21,https://www.binswanger.com,info@binswanger.com,,Success
BSFA,17,https://www.bsfa.co.uk,chair@bsfa.co.uk,,Success
Bilu Soccer,33,https://www.bilusoccer.com,info@bilusoccer.com,,Success
Rugby,18,https://www.rugby.co.uk,webmaster@press.co.uk,,Success
AFC,175,https://www.afc.co.uk,contact@afc.co.uk,,Success
Blackburn Eagles,37,https://www.blackburneaglesfc.com,605a7baede844d278b89dc95ae0a9123@sentry-next.wixpress.com,,Success
Blackhall Gaels,98,https://www.blackhallgaels.com,secretary.blackhallgaels.meath@gaa.ie,,Success
Bisham FC,123,https://www.bisham.co.uk,webmaster@bisham.co.uk,,Success
Blackheath,59,https://www.blackheathfc.com,blackheathfc@gmail.com,,Success
Black Hills Rapids,17,https://www.blackhillsrapids.com,info@blackhillsrapids.com,,Success
Black Pearl,55,https://www.blackpearl.com,invest@blackpearlgroup.com,,Success
BGI,237,https://www.bgi.com,icon-1@2.png,,Success
House,95,https://www.house.com,contact@house.com,,Success
BSCFC,63,https://www.bscfc.co.uk,info@bsfc.co.uk,,Success
Birmingham City,13,https://www.birmingham.com,birmingham@birmingham.com,,Success
Blackpool FC,1295,https://www.blackpoolfc.co.uk,rectangle@1x.svg,,Success
Blackrock College,53,https://www.blackrockcollege.com,info@blackrockcollege.com,,Success
Blackthorn,31,https://www.blackthorn.com,contact@blackthorn.com,,Success
Birmingham City,589,https://www.birmingham.com,birmingham@birmingham.com,,Success
blackpool,10,https://www.blackpoolfc.co.uk,rectangle@1x.svg,,Success
Birmingham United FC,75,https://www.birmingham.com,birmingham@birmingham.com,,Success
BVGS,48,https://www.bvgs.co.uk,5f1a0816-edit-2@2x-1.png,,Success
BIF,13,https://www.bif.co.uk,hey-logo@2x.png,,Success
Blantyre Celtic CFC,226,https://www.celticfc.com,sign-for-celtic@2x.png,,Success
Blackmore Youth,75,https://www.blackmorefc.co.uk,info@blackmorefc.co.uk,,Success
BBFC,59,https://www.bbfc.co.uk,helpline@bbfc.co.uk,,Success
Bluebell United,83,https://www.bluebell.com,bluebell-logo-d-sh@2x-300x274.png,,Success
Bletchley,41,https://www.bletchley.com,astigma@astigmatic.com,,Success
Bloomsbury Football,530,https://www.bloomsburyfootball.com,a86x0394@2x.png,,Success
Blaydon RFC,83,https://www.blaydonrfc.co.uk,contact@blaydonrfc.co.uk,,Success
Blue Devils,83,https://www.bluedevilsfc.com,admin@bluedevilsfc.com,,Success
BFT,25,https://www.bft.com,admin@telepathy.com,,Success
Bluffton Rush,23,https://www.blufftonrush.com,info@blufftonrush.com,,Success
Blue Crush,106,https://www.bluecrush.com,team@bluecrush.com,,Success
Bluffton Rush,14,https://www.blufftonrush.com,info@blufftonrush.com,,Success
Rush,74,https://www.rush.com,img-rush-header@2x-1280x960.jpg,,Success
Bluffton Rush,71,https://www.blufftonrush.com,info@blufftonrush.com,,Success
BOKA United,122,https://www.boka.com,hello@boka.com,,Success
Bolehall Swifts,14,https://www.bolehallswiftsfc.co.uk,605a7baede844d278b89dc95ae0a9123@sentry-next.wixpress.com,,Success
Blue Moon FC,17,https://www.bluemoon.com,bm-logo@2x.png,,Success
Boldmere Falcons,47,https://www.boldmerefalconsfc.co.uk,2431fa97889e4751b7ff02313b91d5a7@sentry.io,,Success
Boca,17,https://www.boca.co.uk,boca_website_logo_dark_200x@2x.png,,Success
B93,52,https://www.b93.com,voluntary.action@dermarite.com,0786479868,Success
Bonar Bridge,54,https://www.bonarbridgefc.co.uk,bonarbridgefc@gmail.com,,Success
Bo'ness United,148,https://www.boness.com,neil@boness.com,,Success
Bo’ness Athletic,44,https://www.boness.com,neil@boness.com,,Success
Bonnyrigg Rose,24,https://www.bonnyriggrosefc.co.uk,2431fa97889e4751b7ff02313b91d5a7@sentry.io,,Success
Bootle FC,16,https://www.bootlefc.com,media@bootlefootballclub.co.uk,,Success
Boreal FC,541,https://www.borealfc.com,admin@borealfc.com,,Success
Bootle FC,272,https://www.bootlefc.com,media@bootlefootballclub.co.uk,,Success
Bootle,220,https://www.bootlefc.com,media@bootlefootballclub.co.uk,,Success
Boroughmuir Rugby,135,https://www.boroughmuirrugby.co.uk,hello@boroughmuirsports.co.uk,,Success
Born to Play,159,https://www.borntoplay.com,hello@borntoplay.com,,Success
Boulder Rugby,45,https://www.boulderrugby.com,info@boulderrugby.com,,Success
Boston Bolts,308,https://www.bostonbolts.com,user@domain.com,,Success
Boston United,202,https://www.boston.com,tips@boston.com,,Success
BEC,86,https://www.bec.co.uk,sales@bec.co.uk,,Success
Bowers,608,https://www.bowers.com,ray@bowers.com,,Success
BVL,79,https://www.bvl.com,office@bvl.com,,Success
Boston United,10,https://www.boston.com,tips@boston.com,,Success
Bowers,50,https://www.bowers.com,ray@bowers.com,,Success
BGS,387,https://www.bgs.com,info@bgs.com,,Success
Boyle Celtic,25,https://www.celticfc.com,sign-for-celtic@2x.png,,Success
Bows Soccer Academy,424,https://www.bowssoccer.co.uk,info@bowssoccer.co.uk,07946042817,Success
William,40,https://www.william.com,info@strategy.com,,Success
Bowers & Pitsea,86,https://www.bowerspitseafc.co.uk,www.ricky@rjepropertyservices.com,,Success
Bowers,48,https://www.bowers.com,ray@bowers.com,,Success
BBS,207,https://www.bbs.com,sales.bbs@kwautomotive.de,,Success
Bowers & Pitsea FC,328,https://www.bowerspitseafc.co.uk,www.ricky@rjepropertyservices.com,,Success
Bournemouth Sports FC,25,https://www.bournemouthsportsfc.co.uk,secretary@bournemouthsportsfc.co.uk,,Success
Prosper Football,45,https://www.prosperfootball.com,info@prosperfootball.com,,Success
Bowie FC,26,https://www.bowie.com,bob@bowie.com,,Success
Bowie FC,151,https://www.bowie.com,bob@bowie.com,,Success
Boys Do Cry FC,20,https://www.boysdocry.co.uk,filler@godaddy.com,,Success
Bozeman Lacrosse,38,https://www.bozemanlacrosse.com,molly.pickall@gmail.com,,Success
Bradford Soccer,97,https://www.bradfordsoccer.com,operations@bradfordsoccer.com,,Success
Brackley RUFC,88,https://www.brackleyrufc.com,your@email.com,,Success
Bracknell Rugby Club,217,https://www.bracknellrugbyclub.com,2431fa97889e4751b7ff02313b91d5a7@sentry.io,,Success
BOZ FC,19,https://www.boz.com,webmaster@boz.com,,Success
Brad Woodward,40,https://www.bradwoodward.com,user@domain.com,,Success
Brandon Town FC,44,https://www.brandonfc.com,user@domain.com,,Success
BRSC,66,https://www.brsc.com,info@brsc.com,,Success
Bow Fc,54,https://www.bowfc.com,jordi@bowfc.com,,Success
Brampton Soccer Club,44,https://www.bramptonsoccerclub.com,info@bramptonsoccer.com,,Success
Pirates,71,https://www.pirates.com,privacy@website.mlb.com,,Success
The Danes,63,https://www.thedanes.co.uk,50mm_002_the_danes_logo_black_black_b9e6a67c-5c69-4149-8386-fc68130cd9b7_150x@2x.png,,Success
Bramley Phoenix,137,https://www.bramleyphoenix.co.uk,info@bramleyphoenixfc.com,,Success
Brentford Football Club,42,https://www.brentfordfc.com,d20dceafd8c3453e8fd1e2967fa78e32@o450172.ingest.sentry.io,,Success
BRC,35,https://www.brc.com,baxter-logo@2x-1.png,,Success
Briarcrest,50,https://www.briarcrest.com,info@briarcrest.com,,Success
Briar United FC,27,https://www.briar.com,seth@briar.com,,Success
Garber Gorilla Lacrosse,20,https://www.garbergorillalacrosse.com,user@domain.com,,Success
Brandon Park FC,55,https://www.brandonpark.co.uk,enquiries@stowhealthcare.co.uk,01842812400,Success
Braza FC,32,https://www.brazafc.com,info@brazafc.com,,Success
Brentwood,45,https://www.brentwood.com,info@brentwood.com,0741275376,Success
Brentwood Youth,17,https://www.brentwood.com,info@brentwood.com,0741275376,Success
Brentwood Town FC,57,https://www.brentwood.com,info@brentwood.com,0741275376,Success
Brentwood,30,https://www.brentwood.com,info@brentwood.com,0741275376,Success
Brentwood,74,https://www.brentwood.com,info@brentwood.com,0741275376,Success
Brighton Select Football,19,https://www.brightonselectfootball.co.uk,info@brightonselectfootball.co.uk,,Success
BSC Texas,69,https://www.bsctexas.com,nheffernan@bsctexas.com,,Success
Brighton,77,https://www.brighton.com,icon-brighton-insider_114x@2x.png,,Success
Brilliant,177,https://www.brilliantfc.com,user@domain.com,,Success
Brightlingsea Regent FC,92,https://www.brightlingsearegentfc.com,2431fa97889e4751b7ff02313b91d5a7@sentry.io,,Success
Brighton,14,https://www.brighton.com,icon-brighton-insider_114x@2x.png,,Success
Brigg town,199,https://www.brigg.com,cybermedia@sky.com,,Success
BKFC,43,https://www.bkfc.com,support@bkfcapp.com,,Success
Brighton,12,https://www.brighton.com,icon-brighton-insider_114x@2x.png,,Success
Brigg Town FC,110,https://www.brigg.com,cybermedia@sky.com,,Success
Brighton SC,14,https://www.brightonsc.co.uk,info@brightonsc.co.uk,,Success
Brighton SC,461,https://www.brightonsc.co.uk,info@brightonsc.co.uk,,Success
Brighton College,325,https://www.brightoncollege.com,study@brightoncollege.com,,Success
BSC,28,https://www.bsc.co.uk,help@bsc.co.uk,,Success
Broadford Rovers Football Club,165,https://www.broadford.com,peter.wyatt@broadford.com,,Success
Quins,43,https://www.quins.com,info@quins.com,,Success
Broadford Rovers FC,21,https://www.broadford.com,peter.wyatt@broadford.com,,Success
Broadbridge Heath FC,423,https://www.broadbridgeheathfc.com,2431fa97889e4751b7ff02313b91d5a7@sentry.io,,Success
Broadford,83,https://www.broadford.com,peter.wyatt@broadford.com,,Success
Brocks RFC,27,https://www.brocksrfc.com,2431fa97889e4751b7ff02313b91d5a7@sentry.io,07931196617,Success
Broadheath Central,139,https://www.broadheathcentralfc.co.uk,admin@broadheathcentral.co.uk,,Success
Broady,335,https://www.broady.com,you@broady.com,,Success
Brocton,138,https://www.broctonfc.com,605a7baede844d278b89dc95ae0a9123@sentry-next.wixpress.com,07809462671,Success
Brocton,52,https://www.broctonfc.com,605a7baede844d278b89dc95ae0a9123@sentry-next.wixpress.com,07809462671,Success
Bromleians FC,51,https://www.bromleiansfc.co.uk,stevetingey@btinternet.com,,Success
Brocton,11,https://www.broctonfc.com,605a7baede844d278b89dc95ae0a9123@sentry-next.wixpress.com,07809462671,Success
Broadstreet RFC,45,https://www.broadstreetrfc.co.uk,equiries@broadstreetrfc.co.uk,,Success
Brooklyn United Academy,623,https://www.brooklynfc.com,josh@brooklynfc.com,,Success
BROOKLYN UNITED ACADEMY,26,https://www.brooklynfc.com,josh@brooklynfc.com,,Success
Behs,13,https://www.behs.com,mdarnell@behs.com,,Success
Brooklyn City FC,177,https://www.brooklynfc.com,josh@brooklynfc.com,,Success
BIF,126,https://www.bif.co.uk,hey-logo@2x.png,,Success
Brothers Townsville Football Club,248,https://www.brotherstownsvillefc.com,605a7baede844d278b89dc95ae0a9123@sentry-next.wixpress.com,,Success
Brook House FC,17,https://www.brookhousefc.co.uk,info@brookhousefc.co.uk,,Success
Brown Rugby,36,https://www.brownrugby.com,brown.men.rugby@gmail.com,,Success
Bryanston,259,https://www.bryanston.com,bryhigh@bryanston.com,,Success
Celtic,82,https://www.celticfc.com,sign-for-celtic@2x.png,,Success
Broomhill FC,33,https://www.broomhillfc.com,asset-1@3x.png,,Success
Brookline,50,https://www.brookline.com,info@brookline.com,,Success
Brute Force FC,111,https://www.bruteforce.co.uk,hey-logo@2x.png,,Success
BRSC,299,https://www.brsc.com,info@brsc.com,,Success
BSC,1004,https://www.bscfc.co.uk,info@bsfc.co.uk,,Success
BTB Lacrosse,35,https://www.btblacrosse.com,behindthebacklacrosse@gmail.com,,Success
BHS Girls Soccer,116,https://www.bhsgirlssoccer.com,13e49d785d8d4f828038b6136f3b48ba@sentry.io,,Success
BHS Girls' Soccer,28,https://www.bhsgirlssoccer.com,13e49d785d8d4f828038b6136f3b48ba@sentry.io,,Success
Buckingham United,227,https://www.buckinghamfc.co.uk,2431fa97889e4751b7ff02313b91d5a7@sentry.io,07734395513,Success
Brora,85,https://www.brora.co.uk,customer.services@brora.co.uk,,Success
Buckland Athletic FC,157,https://www.buckland.com,marketing@buckland.com,,Success
Berks United,69,https://www.berks.com,gtp@berks.com,,Success
BRC,42,https://www.brc.com,baxter-logo@2x-1.png,,Success
Buckingham HC,13,https://www.buckinghamhc.co.uk,2431fa97889e4751b7ff02313b91d5a7@sentry.io,,Success
Bucharest Basketball Academy,38,https://www.bucharestbasketball.com,alex@thefunnybrand.com,,Success
Relentless,11,https://www.relentless.com,api-services-support@amazon.com,,Success
Burke,134,https://www.burke.com,feature-text-march-24-update@2x.png,,Success
Burke,111,https://www.burke.com,feature-text-march-24-update@2x.png,,Success
Burkina,25,https://www.burkina.com,ian108@earthlink.net,,Success
Burlington Football Club,13,https://www.burlington.com,info@burlingtoninvestors.com,,Success
Burnley College,11,https://www.burnleyfootballclub.com,hospitality@burnleyfc.com,07537404821,Success
Burnley FC,1280,https://www.burnleyfootballclub.com,hospitality@burnleyfc.com,07537404821,Success
Burnley FC in the Community,221,https://www.burnleyfootballclub.com,hospitality@burnleyfc.com,07537404821,Success
Burnley RUFC,20,https://www.burnleyfootballclub.com,hospitality@burnleyfc.com,07537404821,Success
Burnley Tornados,14,https://www.burnleyfootballclub.com,hospitality@burnleyfc.com,07537404821,Success
Burlington,38,https://www.burlington.com,info@burlingtoninvestors.com,,Success
Burraneer Rugby,102,https://www.burraneerrugby.com,burrarugby@outlook.com,,Success
Burnham Ramblers,36,https://www.burnhamramblersfc.co.uk,impallari@gmail.com,07736901799,Success
Burton RFC,233,https://www.burtonrfc.com,2431fa97889e4751b7ff02313b91d5a7@sentry.io,,Success
Bury RUFC,46,https://www.buryrufc.com,2431fa97889e4751b7ff02313b91d5a7@sentry.io,,Success
Busby afc,21,https://www.busbyafc.com,2431fa97889e4751b7ff02313b91d5a7@sentry.io,,Success
Bushey and Oxhey FC,82,https://www.busheyandoxheyfc.co.uk,sponsorship@busheyandoxheyfc.co.uk,,Success
Bursledon Youth FC,78,https://www.bursledon.com,villagehalladmin@bursledon.com,07883256734,Success
Byron Red Star FC,36,https://www.byronredstarfc.co.uk,605a7baede844d278b89dc95ae0a9123@sentry-next.wixpress.com,,Success
Nancy Byrne,208,https://www.nancybyrne.com,user@domain.com,,Success
Byfleet Village FC,68,https://www.byfleetvillagefc.com,2431fa97889e4751b7ff02313b91d5a7@sentry.io,,Success
Cadence SFC,376,https://www.cadencesfc.com,admin@cadencesoccerfutsal.com,,Success
Buxton FC,485,https://www.buxtonfc.co.uk,605a7baede844d278b89dc95ae0a9123@sentry-next.wixpress.com,,Success
CADIZ CF,46,https://www.cadizcf.com,cadizcf@cadizcf.es,,Success
cabeza,87,https://www.cabeza.com,marketing@cabeza.com,,Success
Padova,119,https://www.padova.com,info@padova.com,,Success
Cabo,61,https://www.cabo.com,info@cabovillas.com,,Success
ROSSVALE,67,https://www.rossvalefc.com,rossvalebarca04@outlook.com,,Success
CelticB10Green,54,https://www.celticfc.com,sign-for-celtic@2x.png,,Success
Cal Magic,13,https://www.calmagic.com,gerry@calmagic.com,,Success
Calcio Lecco 1912,255,https://www.calciolecco1912.com,aclecco@aclecco.it,,Success
Calgary West FC,367,https://www.calgarywestfc.com,user@domain.com,,Success
BVW Academy,27,https://www.bvw.com,admin@telepathy.com,,Success
Calder United,124,https://www.calder.co.uk,sales@calder.co.uk,,Success
Calvary Christian Academy,88,https://www.calvarychristianfc.com,605a7baede844d278b89dc95ae0a9123@sentry-next.wixpress.com,,Success
Calvary Day School,61,https://www.calvarydayschool.com,info@calvarydayschool.com,,Success
CalGlen FC,209,https://www.calglen.com,registrar@calglen.com,,Success
Cambo,321,https://www.cambo.com,info@cambo.com,,Success
Magic,33,https://www.magic.co.uk,hello@magic.co.uk,07593139729,Success
Cambridge Football,132,https://www.cambridgefootball.co.uk,info@cambridgefootball.co.uk,,Success
Campbell College,166,https://www.campbellcollege.com,info@campbellcollege.com,,Success
Cambridge Football,58,https://www.cambridgefootball.co.uk,info@cambridgefootball.co.uk,,Success
Canadian Academy International School,35,https://www.canadianinternationalschool.com,info@cisb.org.in,,Success
Campion fc,123,https://www.campion.com,info@campion.com,,Success
Cambridge South Hockey Club,84,https://www.cambridgesouthhockeyclub.co.uk,training@cambridgesouthhockeyclub.co.uk,,Success
Canning City FC,29,https://www.canning.com,user@domain.com,,Success
Cam's VEO,100,https://www.cams.com,a33e93454eca483bb762325633e44fb7@sentry-new.cams.run,0176353773,Success
Camas C.F.,45,https://www.camascf.com,secretaria@camascf.es,,Success
Canada First Academy,117,https://www.canadafirst.com,contact@canadafirst.com,,Success
Canfield Little Cardinals,33,https://www.canfieldlittlecardinals.com,canfieldmslc@gmail.com,,Success
Canfield Soccer,84,https://www.canfieldsoccer.com,canfield.soccer@canfieldschools.net,,Success
Canning Town,94,https://www.canning.com,user@domain.com,,Success
Canandaigua Academy,10,https://www.canandaigua.com,support@canandaigua.com,,Success
CDO,31,https://www.cdofc.com,605a7baede844d278b89dc95ae0a9123@sentry-next.wixpress.com,,Success
Canandaigua Academy,66,https://www.canandaigua.com,support@canandaigua.com,,Success
Canvey Island,25,https://www.canveyislandfc.com,2431fa97889e4751b7ff02313b91d5a7@sentry.io,,Success
CFC,52,https://www.cfc.com,5-yellow-stars@2x.png,,Success
Cantabs,102,https://www.cantabs.co.uk,contact@cantabs.co.uk,,Success
Canterbury City FC,56,https://www.canterbury.com,care@canterbury.com,,Success
CBFC,953,https://www.cbfc.com,1@2x.png,,Success
Camp Impact,57,https://www.campimpact.com,gocampimpact@gmail.com,,Success
CCA,32,https://www.cca.co.uk,enquiries@cca.co.uk,,Success
Canton Football Club,54,https://www.cantonfc.com,joshcantonfitness@gmail.com,,Success
Capel Plough,66,https://www.capelploughfc.co.uk,info@capelploughfc.co.uk,,Success
CCA,84,https://www.cca.co.uk,enquiries@cca.co.uk,,Success
capital community athletics,45,https://www.capitalcommunityathletics.com,hladine@www.capitalcommunityathletics.com,,Success
CCSA,28,https://www.ccsa.co.uk,admin@ccsa.co.uk,,Success
Carmarthen Quins RFC,14,https://www.carmarthenquinsrfc.co.uk,carmquinsrfc@gmail.com,,Success
Caragh,19,https://www.caragh.com,info@caragh.ie,,Success
The Jets,45,https://www.thejets.co.uk,605a7baede844d278b89dc95ae0a9123@sentry-next.wixpress.com,,Success
Carmarthen Quins rfc,14,https://www.carmarthenquinsrfc.co.uk,carmquinsrfc@gmail.com,,Success
Cardinals,25,https://www.cardinals.com,privacy@website.mlb.com,,Success
CVFC,421,https://www.cvfc.co.uk,chatterleyvicsfc@gmail.com,,Success
Capital FC,746,https://www.capital.com,support@capital.com,,Success
Carryduff Colts FC,153,https://www.carryduffcolts.com,ciaran.bunting@carryduffcolts.com,,Success
Carrick Rugby Football Club,62,https://www.carrickrugby.co.uk,carrickrugby@gmail.com,,Success
Velocity,50,https://www.velocityfc.com,eben@eyebytes.com,,Success
Reading Veo,177,https://www.readingfc.co.uk,tlaw@readingfc.co.uk,,Success
Celtic,209,https://www.celticfc.com,sign-for-celtic@2x.png,,Success
Capital Elite FC,100,https://www.capitalelitefc.com,capitalelitefc@gmail.com,,Success
CFC,104,https://www.cfc.com,5-yellow-stars@2x.png,,Success
Caspian Tigers,52,https://www.caspiantigersfc.co.uk,2431fa97889e4751b7ff02313b91d5a7@sentry.io,,Success
Cascade Christian,52,https://www.cascadechristian.com,office@cascadechristian.com,,Success
Rock,164,https://www.rock.com,pswordmark_accentblue@1x-1024x320-1.png,,Success
Castleknock Celtic FC,110,https://www.celticfc.com,sign-for-celtic@2x.png,,Success
Casteel,156,https://www.casteel.co.uk,info@casteel.co.uk,07843020683,Success
Catholic Utd,96,https://www.catholicutdfc.co.uk,2431fa97889e4751b7ff02313b91d5a7@sentry.io,,Success
CASCARA ARENA,71,https://www.cascaraarena.com,horizontal-white@2x.png,,Success
CHUFC,67,https://www.chufc.com,info@chufc.com.au,,Success
Dynasty,55,https://www.dynastyfc.com,otorres@dynastyfc.com,,Success
Caterham Pumas,10,https://www.caterhampumas.co.uk,john.davidson1@sky.com,,Success
CBF School Boca,58,https://www.cbfschoolboca.com,contact@cbfschoolboca.com,,Success
Cathedral School,193,https://www.cathedralschool.co.uk,office@cathedralschool.essex.sch.uk,01245354459,Success
CC Soccer,456,https://www.ccsoccer.com,ccsoccer@ccsoccer.com,,Success
Castle United Youth,89,https://www.castle.co.uk,info@castle.co.uk,01513721234,Success
CDA Granadilla,35,https://www.cdagranadilla.com,cdagranadilla@gmail.com,,Success
Carshield FC,29,https://www.carshieldfc.com,info@carshieldfc.com,,Success
Gregory,192,https://www.gregory.co.uk,enquiries@gregory.co.uk,,Success
Castle,39,https://www.castle.co.uk,info@castle.co.uk,01513721234,Success
Cayman Rugby,66,https://www.caymanrugby.com,caroline.deegan@caymanrugby.com,,Success
C'Chartres Football,16,https://www.cchartresfootball.com,contact@cchartresfootball.com,,Success
CCV Stars,32,https://www.ccvstars.com,anthem@ccv.church,,Success
CCV STARS SC,24,https://www.ccvstarssc.com,eastmesa@ccv.church,,Success
C.D. Berriz,98,https://www.cdberriz.com,jonpinhorn.typedesign@gmail.com,,Success
CDF CANET,119,https://www.cdfcanet.com,secretariacdfcanet@gmail.com,,Success
Carshield FC,130,https://www.carshieldfc.com,info@carshieldfc.com,,Success
CDC TORREFORTA,37,https://www.cdctorreforta.com,admin@cdctorreforta.com,,Success
ccv stars,36,https://www.ccvstars.com,anthem@ccv.church,,Success
Ccv stars,55,https://www.ccvstars.com,anthem@ccv.church,,Success
CCV Stars,22,https://www.ccvstars.com,anthem@ccv.church,,Success
CCV Stars,111,https://www.ccvstars.com,anthem@ccv.church,,Success
CD Galea,66,https://www.cdgalea.com,contacto@cdgalea.com,,Success
Caulfield Grammarians,23,https://www.caulfieldgrammarians.com,cga@caulfieldgs.vic.edu.au,,Success
Carshield FC,208,https://www.carshieldfc.com,info@carshieldfc.com,,Success
CD.OLIVER,93,https://www.cdoliver.com,cdoliver@cdoliver.com,,Success
Cd Oliver,11,https://www.cdoliver.com,cdoliver@cdoliver.com,,Success
CD Montefuerte,194,https://www.cdmontefuerte.com,montefuerte@hotmail.es,,Success
Cd Valladares,11,https://www.cdvalladares.com,web@cdvalladares.com,,Success
C.D. VALLADARES,189,https://www.cdvalladares.com,web@cdvalladares.com,,Success
cd victoria cf,65,https://www.cdvictoriacf.com,cdvictoriacf1960@gmail.com,,Success
CD Illescas,215,https://www.cdillescas.com,marketing@cdillescas.es,,Success
CDA. Slammers,67,https://www.cdaslammers.com,club@cdaslammers.com,,Success
CDA Slammers,77,https://www.cdaslammers.com,club@cdaslammers.com,,Success
CDT Pro,343,https://www.cdtpro.com,astigma@astigmatic.com,,Success
CD Estudiantil,131,https://www.cdestudiantil.com,info@cdestudiantil.com,,Success
CDA Slammers FC,123,https://www.cdaslammers.com,club@cdaslammers.com,,Success
C.D.E. AMISTAD,68,https://www.cdeamistad.com,info@cdeamistad.com,,Success
CDA Slammers FC,84,https://www.cdaslammers.com,club@cdaslammers.com,,Success
MONTE,13,https://www.monte.com,info@medienpalast.net,,Success
CFC,350,https://www.cfc.com,5-yellow-stars@2x.png,,Success
Celina United,21,https://www.celina.com,user@domain.com,,Success
CD Galapagar,60,https://www.cdgalapagar.com,info@cdgalapagar.com,,Success
Celtic,23,https://www.celticfc.com,sign-for-celtic@2x.png,,Success
Celtic,68,https://www.celticfc.com,sign-for-celtic@2x.png,,Success
Celina Soccer,36,https://www.celinasoccer.com,605a7baede844d278b89dc95ae0a9123@sentry-next.wixpress.com,,Success
Celtic 06/07 E64,29,https://www.celticfc.com,sign-for-celtic@2x.png,,Success
Celtic 09 boys  Reeves,81,https://www.celticfc.com,sign-for-celtic@2x.png,,Success
Celtic,204,https://www.celticfc.com,sign-for-celtic@2x.png,,Success
CELTIC CASTILLA CF,103,https://www.celticfc.com,sign-for-celtic@2x.png,,Success
Celtic 2023-2024,461,https://www.celticfc.com,sign-for-celtic@2x.png,,Success
Celina,47,https://www.celina.com,user@domain.com,,Success
CDUP Rugby,18,https://www.cduprugby.com,email@email.com,,Success
Celtic Elche CF,11,https://www.celticfc.com,sign-for-celtic@2x.png,,Success
Celtic,249,https://www.celticfc.com,sign-for-celtic@2x.png,,Success
Celtic,125,https://www.celticfc.com,sign-for-celtic@2x.png,,Success
Celtic,64,https://www.celticfc.com,sign-for-celtic@2x.png,,Success
Cedar Stars,47,https://www.cedarstars.com,north.tryouts@cedarstars.com,,Success
"Celtic, High",77,https://www.celticfc.com,sign-for-celtic@2x.png,,Success
Cedar Stars Academy,16,https://www.cedarstars.com,north.tryouts@cedarstars.com,,Success
Celtic FC 07 Premier,40,https://www.celticfc.com,sign-for-celtic@2x.png,,Success
Celtic_Mo,21,https://www.celticfc.com,sign-for-celtic@2x.png,,Success
Celtic FC,132,https://www.celticfc.com,sign-for-celtic@2x.png,,Success
Celtic FC Chicago Soccer Club,144,https://www.celticfc.com,sign-for-celtic@2x.png,,Success
Celtic,15,https://www.celticfc.com,sign-for-celtic@2x.png,,Success
Florida celtic,32,https://www.celticfc.com,sign-for-celtic@2x.png,,Success
Celtic ECNL RL,53,https://www.celticfc.com,sign-for-celtic@2x.png,,Success
Lightning Cats,53,https://www.lightningcats.com,juri@lnbits.lightningcats.io,,Success
2013 Celtic,115,https://www.celticfc.com,sign-for-celtic@2x.png,,Success
Celtic Soccer Club,153,https://www.celticfc.com,sign-for-celtic@2x.png,,Success
Celtic FC,88,https://www.celticfc.com,sign-for-celtic@2x.png,,Success
Cedar Stars,36,https://www.cedarstars.com,north.tryouts@cedarstars.com,,Success
CEDAR STARS,13,https://www.cedarstars.com,north.tryouts@cedarstars.com,,Success
Wildfire,52,https://www.wildfirefc.com,impallari@gmail.com,,Success
Central Carroll SC,100,https://www.centralcarrollsc.com,info@centralcarrollsc.com,,Success
Dynasty,80,https://www.dynastyfc.com,otorres@dynastyfc.com,,Success
CFC,38,https://www.cfc.com,5-yellow-stars@2x.png,,Success
CD ZAMORA FC,20,https://www.cdzamora.com,clinicadentalzamora@gmail.com,,Success
Central Coast Football,91,https://www.centralcoastfootball.com,605a7baede844d278b89dc95ae0a9123@sentry-next.wixpress.com,,Success
Central Jersey FA,355,https://www.centraljerseyfa.com,info@centraljerseyfa.com,,Success
Central Florida SC,186,https://www.centralfloridasc.com,info@centralfloridasc.com,,Success
Blue Devils,125,https://www.bluedevilsfc.com,admin@bluedevilsfc.com,,Success
CD LALIN,19,https://www.cdlalin.com,go88l.tv@gmail.com,,Success
Centro Sportivo Imbersago,365,https://www.centrosportivoimbersago.com,sportpirovano@virgilio.it,01460790967,Success
Ceres Earthquake FC,128,https://www.ceresearthquakefc.com,bolanoslaw@att.net,,Success
Ceres Rush,116,https://www.ceresrush.com,bolanoslaw@att.net,,Success
Classics Elite,551,https://www.classicselite.com,user@domain.com,,Success
Central Valley,81,https://www.centralvalley.co.uk,support@centralvalley.co.uk,,Success
CCM,101,https://www.ccm.co.uk,info@ccm.co.uk,,Success
Central coast fc,24,https://www.centralcoast.com,mhull@hullinformation.com,,Success
Central Coast United,165,https://www.centralcoast.com,mhull@hullinformation.com,,Success
Central Coast United,91,https://www.centralcoast.com,mhull@hullinformation.com,,Success
CENTRAL OHIO ELITE,753,https://www.centralohioelite.com,info@centralohioelite.com,,Success
CE.VENDRELL,28,https://www.cevendrell.com,user@domain.com,,Success
CFC Barcelona,191,https://www.cfcbarcelona.com,cfcbarna@gmail.com,,Success
CFC,19,https://www.cfc.com,5-yellow-stars@2x.png,,Success
CFC,50,https://www.cfc.com,5-yellow-stars@2x.png,,Success
CFC VEO,10,https://www.cfc.com,5-yellow-stars@2x.png,,Success
CFC United,82,https://www.cfc.com,5-yellow-stars@2x.png,,Success
Centro Allavena,54,https://www.centroallavena.com,centroallavena@adinet.com.uy,,Success
CF Sant Feliu,467,https://www.cfsantfeliu.com,clubdefutbolsantfeliudeguixols@gmail.com,,Success
Clermont Football Club,58,https://www.clermontfc.com,info@clermontfc.com,,Success
Chalfont St Peter AFC,102,https://www.chalfontstpeterafc.co.uk,2431fa97889e4751b7ff02313b91d5a7@sentry.io,,Success
CHAMBRAY FOOTBALL CLUB,34,https://www.chambray.com,advertiser@bestbrand.com,,Success
C.F. Amisport,102,https://www.cfamisport.com,cfamisport1974@gmail.com,,Success
Rocafonda,11,https://www.rocafonda.com,presupuesto@rocafonda.com,,Success
CfB,24,https://www.cfb.com,info@capitalforbusiness.com,,Success
Champions Youth Soccer League,89,https://www.championssoccerleague.com,contact@championssl.com,,Success
Saints,83,https://www.saints.co.uk,605a7baede844d278b89dc95ae0a9123@sentry-next.wixpress.com,,Success
Saints,131,https://www.saints.co.uk,605a7baede844d278b89dc95ae0a9123@sentry-next.wixpress.com,,Success
Champions FC,43,https://www.champions.co.uk,sales@champions.co.uk,,Success
Saints,303,https://www.saints.co.uk,605a7baede844d278b89dc95ae0a9123@sentry-next.wixpress.com,,Success
Champions,54,https://www.champions.co.uk,sales@champions.co.uk,,Success
Charlotte Eagles,258,https://www.charlotteeagles.com,user@domain.com,,Success
Charlotte Metro,71,https://www.charlottemetrofc.com,marianne@charlottemetrofc.com,,Success
Cccm,12,https://www.cccm.com,user@domain.com,,Success
CSK,150,https://www.csk.co.uk,enquiries@csk-developments.co.uk,,Success
CSPA,20,https://www.cspa.com,605a7baede844d278b89dc95ae0a9123@sentry-next.wixpress.com,,Success
Chatham Town,918,https://www.chatham.com,promise-lifetime_1546d337-c9fb-40a1-af33-6e7168d63bd3_480x480@2x.png,,Success
Chatham Town,628,https://www.chatham.com,promise-lifetime_1546d337-c9fb-40a1-af33-6e7168d63bd3_480x480@2x.png,,Success
Chatham Town FC,162,https://www.chatham.com,promise-lifetime_1546d337-c9fb-40a1-af33-6e7168d63bd3_480x480@2x.png,,Success
Chatham Town,42,https://www.chatham.com,promise-lifetime_1546d337-c9fb-40a1-af33-6e7168d63bd3_480x480@2x.png,,Success
CHATHAM TOWN,37,https://www.chatham.com,promise-lifetime_1546d337-c9fb-40a1-af33-6e7168d63bd3_480x480@2x.png,,Success
Chatham town football club,26,https://www.chatham.com,promise-lifetime_1546d337-c9fb-40a1-af33-6e7168d63bd3_480x480@2x.png,,Success
Cheddar,35,https://www.cheddar.com,contact@cheddar.com,,Success
Chelsea FC Women,626,https://www.chelseafc.com,clubchelsea@chelseafc.com,,Success
Chelsea Academy VEO,2466,https://www.chelseafc.com,clubchelsea@chelseafc.com,,Success
Chelsea HS Boys Soccer,65,https://www.chelseafc.com,clubchelsea@chelseafc.com,,Success
Chelsea FFC SPARASHOLT COLLEGE WINCHESTER,18,https://www.chelseafc.com,clubchelsea@chelseafc.com,,Success
Chelsea FC Blenheim,228,https://www.chelseafc.com,clubchelsea@chelseafc.com,,Success
Chelsea Girls' Soccer,46,https://www.chelseafc.com,clubchelsea@chelseafc.com,,Success
Chelsea Rovers,217,https://www.chelseafc.com,clubchelsea@chelseafc.com,,Success
Chasetown Youth,44,https://www.chasetownfc.co.uk,media@chasetownfc.co.uk,,Success
Charleston City FC,418,https://www.charleston.com,advertise@charleston.com,,Success
Chelsea Piers Soccer Club,34,https://www.chelseafc.com,clubchelsea@chelseafc.com,,Success
Chelsea High School,254,https://www.chelseafc.com,clubchelsea@chelseafc.com,,Success
Chelsea FC Foundation - Inclusion & Disability,62,https://www.chelseafc.com,clubchelsea@chelseafc.com,,Success
Chelsea FC,46,https://www.chelseafc.com,clubchelsea@chelseafc.com,,Success
Chelsea,157,https://www.chelseafc.com,clubchelsea@chelseafc.com,,Success
Cheadle Hulme School,213,https://www.cheadlehulmeschool.co.uk,enquiries@chschool.co.uk,,Success
Bournside,33,https://www.bournside.com,admin@bournside.com,,Success
Chasetown fc,60,https://www.chasetownfc.co.uk,media@chasetownfc.co.uk,,Success
Chelsea Soccer Club,18,https://www.chelseafc.com,clubchelsea@chelseafc.com,,Success
Chelsea SC,39,https://www.chelseafc.com,clubchelsea@chelseafc.com,,Success
Chelsea Warriors,20,https://www.chelseafc.com,clubchelsea@chelseafc.com,,Success
Cheadle SMU,60,https://www.cheadlesmufc.co.uk,cropped-cheadle-smu-badge@2x-300x227.png,,Success
Chelsea SC,121,https://www.chelseafc.com,clubchelsea@chelseafc.com,,Success
Cherrybrook United,20,https://www.cherrybrookfc.co.uk,user@domain.com,,Success
Cheshunt Rugby,141,https://www.cheshuntrugby.co.uk,2431fa97889e4751b7ff02313b91d5a7@sentry.io,,Success
Cherry Hill Knights,105,https://www.cherryhillknights.com,cherryhillknightsfb@gmail.com,,Success
Chesapeake United,104,https://www.chesapeake.co.uk,associates@chesapeake.co.uk,,Success
Cheltenham Tigers,138,https://www.cheltenhamtigers.com,clubhouse@cheltenhamtigers.com,,Success
Cheshire FA,98,https://www.cheshirefa.com,safeguarding@cheshirefa.com,,Success
Chesapeake United,144,https://www.chesapeake.co.uk,associates@chesapeake.co.uk,,Success
Midstate Rugby,27,https://www.midstaterugby.com,info@midstaterugby.com,,Success
Dynasty FC,10,https://www.dynastyfc.com,otorres@dynastyfc.com,,Success
Cheshire,23,https://www.cheshire.com,support@cheshire.com,,Success
Chesterfield Panthers,123,https://www.chesterfieldpanthers.com,2431fa97889e4751b7ff02313b91d5a7@sentry.io,,Success
Midwest United,16,https://www.midwestfc.com,gene@midwestfc.com,,Success
Cheshire Bears,131,https://www.cheshirebears.co.uk,marketingofficer@cheshirebears.co.uk,,Success
Chicago Lions,119,https://www.chicagolions.com,user@domain.com,,Success
Seals,98,https://www.seals.com,info@seals.com,,Success
Chicago Lions,241,https://www.chicagolions.com,user@domain.com,,Success
Chicago Inter,14,https://www.chicagointerfc.com,info@chicagointerfc.com,,Success
Chicago Strikers,90,https://www.chicagostrikers.com,dave@chicagostrikers.com,,Success
Chicago Inter,123,https://www.chicagointerfc.com,info@chicagointerfc.com,,Success
Chicago Inter,68,https://www.chicagointerfc.com,info@chicagointerfc.com,,Success
Chicago Phoenix FC,42,https://www.chicagophoenixfc.com,impallari@gmail.com,,Success
Chipstead,93,https://www.chipsteadfc.com,2431fa97889e4751b7ff02313b91d5a7@sentry.io,01737553250,Success
Chesterfield FC Academy,113,https://www.chesterfield.co.uk,info@chesterfield.co.uk,,Success
Chester Football Club,34,https://www.chesterfc.com,info@chesterfc.com,,Success
Chiswick Celtic,14,https://www.celticfc.com,sign-for-celtic@2x.png,,Success
CISSA,60,https://www.cissa.com,cissa@cissa.com,,Success
Chipstead,353,https://www.chipsteadfc.com,2431fa97889e4751b7ff02313b91d5a7@sentry.io,01737553250,Success
Chicago Rush,912,https://www.chicagorush.com,domains@usmarketing.com,,Success
Inferno,1099,https://www.inferno.co.uk,you@company.org,,Success
Chipping Norton,51,https://www.chippingnorton.co.uk,hey-logo@2x.png,,Success
Chippenham RFC,152,https://www.chippenhamrfc.co.uk,2431fa97889e4751b7ff02313b91d5a7@sentry.io,,Success
Chorley Women,116,https://www.chorleywomenfc.co.uk,help@chorleywomenfc.co.uk,,Success
Christos,38,https://www.christosfc.com,admin@christosfc.com,,Success
Brook House,50,https://www.brookhousefc.co.uk,info@brookhousefc.co.uk,,Success
House,17,https://www.house.com,contact@house.com,,Success
Chris Watts,27,https://www.chriswatts.com,info@chriswatts.com,,Success
CSP,201,https://www.cspfc.com,user@domain.com,,Success
Vikings,10,https://www.vikings.com,hello@getstoryteller.com,,Success
CPA,185,https://www.cpa.com,mail@cpa.com,,Success
Vikings,37,https://www.vikings.com,hello@getstoryteller.com,,Success
Christ the King,28,https://www.christthekingfc.co.uk,logo@2x.png,,Success
CIYMS,59,https://www.ciyms.com,info@ciyms.com,,Success
Chicago Blues FC,169,https://www.chicagoblues.com,chicagobluessociety@gmail.com,,Success
CCV Stars,1407,https://www.ccvstars.com,anthem@ccv.church,,Success
Cifa Elite FC,16,https://www.cifaelite.com,admissions_uk@cifaelite.com,,Success
Cincinnati United,204,https://www.cincinnati.com,site-nav-logo@2x.png,,Success
Cincinnati United,72,https://www.cincinnati.com,site-nav-logo@2x.png,,Success
CVFC,139,https://www.cvfc.co.uk,chatterleyvicsfc@gmail.com,,Success
Chris Morrison,42,https://www.chrismorrison.co.uk,hello@chrismorrison.co.uk,,Success
Chula Vista,508,https://www.chulavistafc.com,contact@chulavistafc.com,,Success
Chula Vista FC,611,https://www.chulavistafc.com,contact@chulavistafc.com,,Success
CCV STARS,43,https://www.ccvstars.com,anthem@ccv.church,,Success
Citizen,39,https://www.citizen.com,press@citizen.com,,Success
COBHC,48,https://www.cobhc.com,user@domain.com,,Success
Clapham Ultimate,238,https://www.claphamultimate.co.uk,ultimate.clapham@googlemail.com,,Success
Cincy SC,112,https://www.cincysc.com,cincysc@gmail.com,,Success
The Rovers,47,https://www.thefc.co.uk,hello@thefc.co.uk,,Success
City Pirates,149,https://www.pirates.com,privacy@website.mlb.com,,Success
Clarence Zebras,124,https://www.clarencezebrasfc.com,user@domain.com,,Success
City Pirates,11,https://www.pirates.com,privacy@website.mlb.com,,Success
COLBC,158,https://www.colbc.co.uk,605a7baede844d278b89dc95ae0a9123@sentry-next.wixpress.com,,Success
Clarendon FC,197,https://www.clarendon.com,support@clarendon.com,,Success
Claremont Colleges Rugby,18,https://www.claremontcollegesrugby.com,user@domain.com,,Success
Clay Brow FC,30,https://www.claybrowfc.co.uk,605a7baede844d278b89dc95ae0a9123@sentry-next.wixpress.com,,Success
Classics Elite,119,https://www.classicselite.com,user@domain.com,,Success
Cleator Moor Celtic,60,https://www.celticfc.com,sign-for-celtic@2x.png,,Success
CYL,43,https://www.cyl.com,info@cyl.com,,Success
CitySC San Marcos,168,https://www.cityscsanmarcos.com,info@cityscsanmarcos.com,,Success
Clayton Rugby,149,https://www.claytonrugby.com,info@claytonrugby.com,,Success
Classics Eagles,205,https://www.classicseagles.com,rbrown@tocafootball.com,,Success
Classic FC,121,https://www.classic.com,insight@classic.com,,Success
Claremont,114,https://www.claremont.co.uk,enquiries@claremont.co.uk,,Success
Cleveland fc,14,https://www.cleveland.com,mwalsh@cleveland.com,,Success
Claremont,142,https://www.claremont.co.uk,enquiries@claremont.co.uk,,Success
Clifford Juniors,59,https://www.cliffordjuniors.co.uk,afccliffordjuniors@hotmail.com,,Success
Clonmel Celtic,26,https://www.celticfc.com,sign-for-celtic@2x.png,,Success
Clonmel Celtic,19,https://www.celticfc.com,sign-for-celtic@2x.png,,Success
Claverdon RFC,49,https://www.claverdonrfc.co.uk,crfcaccts@gmail.com,,Success
Clitheroe FC,233,https://www.clitheroefc.co.uk,2431fa97889e4751b7ff02313b91d5a7@sentry.io,07788662294,Success
CLCF Soccer,68,https://www.clcfsoccer.com,developmentalsoccer@clcfsports.org,,Success
Cavendish,100,https://www.cavendish.com,contact@cavendish.com,,Success
Clermont FC,52,https://www.clermontfc.com,info@clermontfc.com,,Success
St Judes,224,https://www.stjudesfc.com,sponsorship@stjudesfc.com,,Success
Cloud9,258,https://www.cloud9.com,impallari@gmail.com,,Success
Cloud9,13,https://www.cloud9.com,impallari@gmail.com,,Success
Cloud9,258,https://www.cloud9.co.uk,info@cloud9.co.uk,,Success
Cloud9,120,https://www.cloud9.com,impallari@gmail.com,,Success
Cloud9,603,https://www.cloud9.co.uk,info@cloud9.co.uk,,Success
Cloud 9,476,https://www.cloud9.co.uk,info@cloud9.co.uk,,Success
Cloud9,316,https://www.cloud9.co.uk,info@cloud9.co.uk,,Success
C loud 9,156,https://www.cloud9.co.uk,info@cloud9.co.uk,,Success
CLUB AFRICAIN,76,https://www.clubafricain.com,monitoring@clubafricain.com,,Success
clovis crossfire,89,https://www.cloviscrossfire.com,info@cloviscrossfire.com,,Success
cloud9,99,https://www.cloud9.com,impallari@gmail.com,,Success
Club777,36,https://www.club777.co.uk,webmaster@club777.co.uk,,Success
C.F. Calella,281,https://www.cfcalella.com,info@cfcalella.com,,Success
CD ASTON VILLA,68,https://www.avfc.co.uk,william.street@avfc.co.uk,,Success
Cloud9,81,https://www.cloud9.co.uk,info@cloud9.co.uk,,Success
Clovis Crossfire,225,https://www.cloviscrossfire.com,info@cloviscrossfire.com,,Success
Clovis Crossfire,19,https://www.cloviscrossfire.com,info@cloviscrossfire.com,,Success
Los Toros,97,https://www.lostorosfc.com,user@domain.com,,Success
Cloud9,22,https://www.cloud9.co.uk,info@cloud9.co.uk,,Success
Cloud9,657,https://www.cloud9.co.uk,info@cloud9.co.uk,,Success
Cloud9,292,https://www.cloud9.co.uk,info@cloud9.co.uk,,Success
Cloud9,913,https://www.cloud9.co.uk,info@cloud9.co.uk,,Success
UDA,17,https://www.uda.com,customer@hemandstitch.com,,Success
CD Hernani,445,https://www.cdhernani.com,info@cdhernani.com,,Success
CF Santomera,393,https://www.cfsantomera.com,angelmartinezalcantara@icamur.org,,Success
CLUB DEPORTIVO SAN CERNIN,16,https://www.clubdeportivosancernin.com,clubdeportivo@sancernin.es,,Success
Club Deportivo Alhaurino,74,https://www.clubdeportivoalhaurino.com,contacto@clubdeportivoalhaurino.com,,Success
Emprendedores,79,https://www.emprendedoresfc.com,tfcopaemprendedores@gmail.com,,Success
CD Serranos,1909,https://www.cdserranos.com,administracion@cdserranos.com,,Success
