Club_Name,Recordings,Website,Email,Phone,Status
ESFC Falaise,102,,,,No Website
Entente Sportive de Vitry,44,,,,No Website
MK United,20,,,,No Website
ES Perray Football,27,,,,No Website
ES GANDRANGE,72,,,,No Website
ESA Linas-Montlhéry,38,,,,No Website
Eoghan Rua CLG Coleraine,25,,,,No Website
Es Heillecourt,153,,,,No Website
Entente sportive la Romagne Roussay,39,,,,No Website
ES Rachais,15,,,,No Website
Entente Sportive Rosselange Vitry 2013,45,,,,No Website
ESMGA,97,,,,No Website
Entente Sportive Villerupt Thil,97,,,,No Website
Enterprise Select SC,14,,,,No Website
EO Coffman Middle School,15,,,,No Website
The Episcopal Academy,98,,,,No Website
Epsom & Ewell Youth,30,,,,No Website
ER,48,,,,No Website
E.R,62,,,,No Website
ESTL Football,22,,,,No Website
ENVIGADO FC SA,81,,,,No Website
Epsom & Ewell Colts | Under 15 Royals,73,,,,No Website
Enter Vooruit,42,,,,No Website
EFM FOOTBALL,71,,,,No Website
EPC / BTFC - Camera 3,18,,,,No Website
Epsom & Ewell FC,25,,,,No Website
Enville Afc,114,,,,No Website
Erik Papazian,39,,,,No Website
Epps Teams,33,,,,No Website
Epping Eastwood FC,75,,,,No Website
Club Deportivo Aznalcázar,44,,,,No Website
PRAUTHOY VAUX,45,,,,No Website
Epping Rugby Club,11,,,,No Website
Epping Green Energy GmbH,40,,,,No Website
ES2K,18,,,,No Website
Epping Rugby,92,,,,No Website
Val d'Hyères,61,,,,No Website
Eran Doron,101,,,,No Website
Epping RFC,25,,,,No Website
US Chatel Conquistadores,12,,,,No Website
Entente vienne et sane,22,,,,No Website
EPYSC,267,,,,No Website
Erhagen,42,,,,No Website
EFM RUGBY,11,,,,No Website
ERANDIOKO BETIKO NESKAK,229,,,,No Website
ERHS boys soccer,67,,,,No Website
ESIVO,48,,,,No Website
ULB Owls,42,,,,No Website
ERC Hoeilaart,22,,,,No Website
EL RANCHO HIGH SCHOOL,40,,,,No Website
Equipo Academy Soccer,174,,,,No Website
Equipe première RAS Saintoise,44,,,,No Website
Erie Youth Football League,15,,,,No Website
Nuanes,179,,,,No Website
Erina JRLFC,28,,,,No Website
EPA Systems,29,,,,No Website
Erin Mills Soccer Club,597,,,,No Website
Erik Davids,26,,,,No Website
Entrenador,47,,,,No Website
EPSOM AND EWELL,33,https://www.epsomandewellfc.com,,,Success
Eriksbergs IF,266,,,,No Website
Erlauer SV Grün Weiß,10,,,,No Website
ERNEENNE FOOTBALL OFFICIEL,25,,,,No Website
Rebels IE,86,,,,No Website
EM United,299,,,,No Website
Erneenne  foot,75,,,,No Website
Erne Gaels,57,,,,No Website
Epsom FC,67,,,,No Website
Erne Wanderers FC,17,,,,No Website
エルセレ,192,,,,No Website
ERSC Ottobrunn,434,,,,No Website
Ersboda sportklubb,64,,,,No Website
Jr. Hornets,56,https://www.jrhornets.com,,,Success
1. FC Köln,11,,,,No Website
ESM Hockey Club,25,,,,No Website
Erste TVH,44,,,,No Website
E.S,20,,,,No Website
Erick Allen,13,,,,No Website
Epicshot,113,,,,No Website
Cargin,32,,,,No Website
Erwins Cam,14,,,,No Website
EPIC Productions,230,,,,No Website
THOI LAKATAMIAS,114,https://www.thoilakatamias.com,,,Success
Es Ambares,18,,,,No Website
ES Aviere,26,,,,No Website
Erie Sports Center,101,https://www.eriesportscenter.com,sports@eriesportscenter.com,,Success
EPIC,68,https://www.epic.com,,,Success
Erin's Isle,121,https://www.erinsisle.com,,,Success
EPIC,54,https://www.epic.com,,,Success
Eric Nordeng,186,,,,No Website
Lavey,152,,,,No Website
Escambia Lady Gators Soccer,14,,,,No Website
Erfan Club,10,,,,No Website
Erith and Belvedere FC,122,https://www.erithandbelvederefc.com,,,Success
Epsom College,463,,,,No Website
EVG15,188,https://www.evg15.com,,,Success
Merithew,416,,,,No Website
Epsom and Ewell Colts,29,https://www.epsomandewellcolts.co.uk,,07771601000,Success
Arudy,110,,,,No Website
Erith Town FC,123,https://www.erith.com,hello@erith.com,,Success
ES-16,15,,,,No Website
Escalante G10,126,,,,No Website
E.F.B. CALAFELL,71,,,,No Website
Escalate Elite FC,27,,,,No Website
Epping FC,29,https://www.eppingfc.co.uk,,,Success
Epping Town,23,https://www.eppingfc.co.uk,,,Success
ESCOLA DE FUTEBOL CRESCER,69,,,,No Website
Eschol Park FC,89,,,,No Website
ESC Daisies,45,,,,No Website
EPIC Elite,51,https://www.epicelite.com,,,Success
Escorpiones de Garabito,147,,,,No Website
E.D. Val Miñor - Nigrán,125,,,,No Website
Esc Longueau,86,,,,No Website
ESB,51,https://www.esb.com,user@domain.com,,Success
ertert,27,https://www.ertert.com,,,Success
Erie Admirals Soccer Club,46,,,,No Website
Escuela de Futbol Atletico Barrancas,88,,,,No Website
Escola Futbol Base Sentmenat,51,,,,No Website
Epuerto Sports,107,,,,No Website
Equinoccial FC,150,,,,No Website
ERINNI,12,,,,No Website
WNY Flash,23,https://www.wnyflash.com,pwhitcomb@wnyflashsoccer.com,,Success
AMDG,276,https://www.amdg.co.uk,,,Success
ES COLOMBIENNE,28,,,,No Website
ESCUELA DE FUTBOL CARLOS SARMIENTO LORA,62,,,,No Website
Epinal,10,https://www.epinal.com,parc@animoys.com,,Success
eSoccer Skills Academy,130,,,,No Website
Escuela de Fútbol base Valderrobres,67,,,,No Website
Es colombienne,84,,,,No Website
ESC Rellinghausen 06,50,,,,No Website
ESC 06,47,,,,No Website
ESCR football,23,,,,No Website
Escuela Milan,21,,,,No Website
Eric Robison,135,https://www.ericrobison.com,user@domain.com,,Success
ESCOLA ESTRADA DE FUTBOL BASE,24,,,,No Website
TECNICOS ATFA,14,,,,No Website
Escuela de futbol Santa Ana,28,,,,No Website
Escuela Deportiva Altair,23,,,,No Website
Escuela de Fútbol Rivas Vaciamadrid,59,,,,No Website
EF José Santacruz,223,,,,No Website
Escuela TOUKAM,116,,,,No Website
Escuela de Fútbol de Valdemoro,47,,,,No Website
ESCUELAS DEPORTIVAS CONCELLO DE CELANOVA,36,,,,No Website
Epsom HC,70,https://www.epsomhc.co.uk,,,Success
Erins Own,21,,,,No Website
ES Dresny Plesse,12,,,,No Website
Calpe veteranos,54,,,,No Website
ESCA,36,,,,No Website
ESF TOURNAMENT,40,,,,No Website
Esd isbergues,50,,,,No Website
Escuela de fútbol Denis Suárez,103,,,,No Website
ESCUELA FUTBOL LA MUELA,14,,,,No Website
ES Genech,16,,,,No Website
ESFA GREECE,23,,,,No Website
ES Ficheux,16,,,,No Website
Escuela de fútbol Ángel Pedraza,385,,,,No Website
nycfc,11,https://www.nycfc.com,,,Success
ETB CALVIÀ,71,,,,No Website
Esher RFC,40,,,,No Website
ESG RUGBY,109,,,,No Website
Escuela Americana,16,,,,No Website
ESFC GEER,31,,,,No Website
Eskil F10,40,,,,No Website
ES GUERET,30,,,,No Website
Esher RFC,33,,,,No Website
Eslövs BK U-lag,29,,,,No Website
EKF,360,https://www.ekf.com,sales@ekf.de,,Success
ES Lembeye,124,,,,No Website
Es manival,36,,,,No Website
Eskilsminne IF,1521,,,,No Website
Ermua CD,224,https://www.ermuacd.com,,,Success
Entente Sportive Molsheim Ernolsheim,130,,,,No Website
Es lorgues,34,,,,No Website
Eskilstuna City FK,65,,,,No Website
Esher Sixth Form College,67,,,,No Website
Football FC,112,https://www.football.com,,,Success
Eskilstuna City FK,294,,,,No Website
Simmons,136,https://www.simmons.com,,,Success
Eslövs BK A-lag,47,,,,No Website
EF FARO,72,,,,No Website
Eskouadenn,102,,,,No Website
EsPa2010k,40,,,,No Website
ESG FOOTBALL,40,,,,No Website
Erie Sports Center,112,https://www.eriesportscenter.com,sports@eriesportscenter.com,,Success
ESM BRETIGNOLLES / BREM,67,,,,No Website
EN Soccer,235,https://www.ensoccer.com,flowbite@2.5.1.min.js,,Success
Ertheo,48,,,,No Website
ES Mominoise,60,,,,No Website
Espérance de Rennes,14,,,,No Website
ES Malley,90,,,,No Website
ESOF LA ROCHE SUR YON VENDÉE,88,,,,No Website
ESPAÑOLETO CF,142,,,,No Website
ES OESIENNE(#13),303,,,,No Website
ES PAYS MAICHOIS,17,,,,No Website
Erik,39,,,,No Website
ES Molsheim Ernolsheim,32,,,,No Website
Esmugran,114,,,,No Website
Erskine Academy,16,https://www.erskine.co.uk,hello@erikerskine.co.uk,,Success
ESGDR,53,,,,No Website
Eslövs BK,146,,,,No Website
Espergærde,246,,,,No Website
EPC,201,https://www.epc.com,mail@epc.com,,Success
ESP e TRONIC,41,,,,No Website
ESPOIR FOOT 88,21,,,,No Website
Central Valley Futbol Academy,126,,,,No Website
Eskra Emmetts,103,,,,No Website
Esperanza SC,330,,,,No Website
ESPÉRANCE SPORTIF DE ZARZIS,18,,,,No Website
Espinosa,168,,,,No Website
ES PORNICHET,47,,,,No Website
Esperance Paris 19,11,,,,No Website
Essendon Hockey,65,,,,No Website
Esperanza Pelt FC,28,,,,No Website
ESPOIRS DE GUEDIAWAYE E,26,,,,No Website
ESCT Academy,74,https://www.esct.com,tech@smartfacilitysoftware.com,,Success
Erskine,37,https://www.erskine.co.uk,hello@erikerskine.co.uk,,Success
Erie FC,31,https://www.eriefc.com,,,Success
ES Saintes,46,,,,No Website
Essex Minors Hornchurch,15,,,,No Website
Garber Girls Soccer,51,,,,No Website
Essendon Royals Soccer Club,29,,,,No Website
Eric Brewer,15,https://www.ericbrewer.com,,,Success
ES Segré Football,172,,,,No Website
Essendon Royals,718,,,,No Website
Esportiu Vila-real CF,60,,,,No Website
ES SAINTES,45,,,,No Website
Essex W&G,19,,,,No Website
Essinge IK,282,,,,No Website
Esporte Clube REVANTE,65,,,,No Website
Essinge IK - P05,23,,,,No Website
Premier Barcelona,108,,,,No Website
ETB SW Essen,167,,,,No Website
ESLB,61,,,,No Website
Esta Grabado 1 / 15403,38,,,,No Website
ESTAC DE TROYES,21,,,,No Website
ESTARENTAISE,55,,,,No Website
Randaberg,144,,,,No Website
Escalante FC,54,https://www.escalante.com,info@escalante.com,,Success
Erler SV 08,187,https://www.erlersv08.com,,,Success
Esslingen Raccoons,34,,,,No Website
ES Trois Cites Football,15,,,,No Website
Estoril Praia,10,,,,No Website
ESV 1927 Ludwigshafen,23,,,,No Website
Eshal,61,https://www.eshal.co.uk,,,Success
Espanyol,43,https://www.espanyol.com,,,Success
ESV Gremberghoven,89,,,,No Website
Estrada Family,182,,,,No Website
ES THAON,26,,,,No Website
Esdm,17,https://www.esdm.co.uk,,,Success
Estudiantes del Plata,139,,,,No Website
ESV Einigkeit von 1908 e.V,14,,,,No Website
ES WORMHOUT,26,,,,No Website
ESV Knittelfeld,15,,,,No Website
Esker Celtic,13,https://www.celticfc.com,sign-for-celtic@2x.png,,Success
CDF ESTEPONENSE,37,,,,No Website
ESV Delitzsch e.V.,24,,,,No Website
Espinoza,174,,,,No Website
EsPa 2013k,415,,,,No Website
Esher,14,,,,No Website
Estudio Cancerbero,54,,,,No Website
ESV Lok Selzthal,33,,,,No Website
Ethan Szewczuk,265,,,,No Website
Etelän Maalaus Oy,19,,,,No Website
Essington RUFC,63,,,,No Website
Essinge,46,,,,No Website
Esteban gomez,25,,,,No Website
Esher FC,36,,,,No Website
Estoril Elite Program,48,,,,No Website
Ethan Clubhouse,24,,,,No Website
ESTRELLA C.F.,11,,,,No Website
Ethan / Colby,154,,,,No Website
Etoile bleue achenheim,71,,,,No Website
Estrada Family,148,,,,No Website
Esker Celtic,67,https://www.celticfc.com,sign-for-celtic@2x.png,,Success
Étoile Carouge FC,17,,,,No Website
ESC Academy,33,https://www.escfc.co.uk,recruitment@escfc.co.uk,07886304838,Success
Ploudaniel,25,,,,No Website
Frailes,68,,,,No Website
EKC,98,,,,No Website
Etoile Nantaise Futsal,82,,,,No Website
Etienne Isidore Soccer,104,,,,No Website
Estrada’s VEO,228,,,,No Website
Elsaute,99,,,,No Website
Etoile Club Anstaing Chereng,12,,,,No Website
Étoile sportive,16,,,,No Website
Etoile Sportive de Fagnières,115,,,,No Website
ES CHILLY,44,,,,No Website
Etoile sportive anzin st aubin,38,,,,No Website
ES TROUY,66,,,,No Website
Etoile Sportive de Fillinges - ESF,31,,,,No Website
Étoile de Châteauroux,18,,,,No Website
ES Belfaux,85,,,,No Website
Estrada,29,https://www.estrada.co.uk,,,Success
EFB EJEA,162,https://www.efbejea.com,,,Success
ETOILE SPORTIVE TRAPPES,81,,,,No Website
Espial FC,58,https://www.espialfc.co.uk,,,Success
ES CHAMPNIERS,13,,,,No Website
Etoile Sportive Pointe Hague,22,,,,No Website
Eton Manor Rugby Football Club,22,,,,No Website
Etone Football Education Academy (Nun Boro & WBA),60,,,,No Website
Eton Manor Rugby Club,227,,,,No Website
Étoile sportive Laroquaise,14,,,,No Website
Etoile Sportive Lierguoise,78,,,,No Website
Etorkizuna Aiarako,36,,,,No Website
Esperanza Men's Soccer,12,https://www.esperanzamenssoccer.com,aztecsmenssoccer@gmail.com,,Success
E.F. CARABANCHEL,538,https://www.efcarabanchel.com,info@efcarabanchel.com,,Success
ETURE MEN'S SOCCER,1259,,,,No Website
Esquerra,128,https://www.esquerra.com,,,Success
ETFC,14,,,,No Website
ESRS,26,https://www.esrs.com,service@esrs.com,,Success
CERNEX,90,https://www.cernex.com,sales@cernex.com,,Success
Ettfag clube,23,,,,No Website
Eugene Parete,17,,,,No Website
Etxebarriko urdin-gorri f.t,52,,,,No Website
Euran Pallo ry.,44,,,,No Website
Eture Toros,359,,,,No Website
ESG,225,https://www.esg.com,,,Success
Europa Lions- Chloe,248,,,,No Website
E10,101,https://www.e10.com,,,Success
EPS,28,https://www.epsfc.com,,,Success
ESB,15,https://www.esb.com,user@domain.com,,Success
Escuela,46,,,,No Website
ES FOS,38,https://www.esfos.com,notifications@surecart.com,,Success
ESDL,78,,,,No Website
ES TRAPPES,30,https://www.estrappes.com,605a7baede844d278b89dc95ae0a9123@sentry-next.wixpress.com,,Success
Euro metal clima srl,34,,,,No Website
Etihad Club,292,https://www.etihadclub.com,contact@etihadclub.com,0796502000,Success
EthanY,54,https://www.ethany.com,flags@2x.png,,Success
Ethnikos,82,https://www.ethnikos.com,,,Success
Euskalduna,217,,,,No Website
Eugene Metro FC,1295,,,,No Website
Estudiantes,22,https://www.estudiantesfc.com,info@divilayouts.store,,Success
Eton College,86,https://www.etoncollege.com,tom@2x-150x150.png,,Success
Eutin 08,100,,,,No Website
Estudiantes FC,183,https://www.estudiantesfc.com,info@divilayouts.store,,Success
Euxton Girls,65,,,,No Website
ENSA,13,https://www.ensa.com,,,Success
Mastering All Basketball,46,,,,No Website
ESA BRIVE,126,https://www.esabrive.com,,,Success
North High School Lax,81,,,,No Website
Evanston JR Wildkits Football,116,,,,No Website
Estudiantes,253,https://www.estudiantesfc.com,info@divilayouts.store,,Success
Esv,47,,,,No Website
ESS,182,https://www.essfc.com,willowglyn@gmail.com,,Success
Europa FC,54,,,,No Website
Evans Sports Management,23,,,,No Website
Eugene,47,https://www.eugene.com,,,Success
ESPEJEL,196,https://www.espejel.com,,,Success
Europa point fc,22,https://www.europapointfc.com,sportingdirector@europapointfc.com,,Success
Evansville Soccer,250,,,,No Website
Evansville Mater Dei High School,46,,,,No Website
Everett College,22,,,,No Website
Essex Professional Coaching,127,,,,No Website
Evans Family,58,,,,No Website
ES Genas Azieu,155,,,,No Website
Etobicoke FC,51,https://www.etobicokefc.com,admin@etobicokefc.com,,Success
eveil de lyon,84,,,,No Website
RRHS Royal Knights,21,,,,No Website
Evergem 2020,74,,,,No Website
Eveland Sports,50,,,,No Website
ESV,60,,,,No Website
Everett FC G11,12,,,,No Website
Evangel University,24,,,,No Website
ETMG,22,,,,No Website
European Football Academy,137,,,,No Website
ESSAHB,159,https://www.essahb.com,,,Success
Evgeny Syzarkin,427,,,,No Website
Everett Youth Hockey,22,,,,No Website
EBK,342,https://www.ebk.com,admin@telepathy.com,,Success
ES Trappes,86,https://www.estrappes.com,605a7baede844d278b89dc95ae0a9123@sentry-next.wixpress.com,,Success
Evelette,22,,,,No Website
Evangel,183,,,,No Website
EVETRIA / MARIE-LOU,212,,,,No Website
Evergreen Girls,53,,,,No Website
EFA,117,https://www.efa.co.uk,nostalgia@efa.co.uk,,Success
EUF,250,https://www.euf.com,,,Success
ESC,40,https://www.escfc.co.uk,recruitment@escfc.co.uk,07886304838,Success
Loggers,31,https://www.loggers.co.uk,,,Success
Ettifaq FC,63,https://www.ettifaq.com,,,Success
Europa Lions FC,320,https://www.europalionsfc.com,europalionsfc@gmail.com,,Success
ETRA,47,,,,No Website
Etoile Carouge,16,https://www.etoilecarouge.com,,,Success
EVVC,22,,,,No Website
EMFC,87,https://www.emfc.co.uk,,,Success
EWD Eagles FC,182,,,,No Website
EVOLUTION B09,95,,,,No Website
Waldo,38,https://www.waldo.com,,,Success
Evo Sports Club,592,,,,No Website
Everton,59,https://www.evertonfc.com,,0149874993,Success
Evolution Soccer,14,,,,No Website
ECFC,177,,,,No Website
Everton,2617,https://www.evertonfc.com,,0149874993,Success
Evolution Soccer,138,,,,No Website
Etoile FC,53,https://www.etoile.com,hello@etoilecollective.com.au,,Success
EST,63,https://www.est.com,support@est.com,,Success
Ewell Castle School,49,,,,No Website
Eversley & California FC,264,,,,No Website
Brit Lions Rugby Club,23,,,,No Website
Coach,67,,,,No Website
Excelsior Rotterdam Vrouwen,116,,,,No Website
Excel - Chalkanoras,123,,,,No Website
Everton Football College,544,https://www.evertonfc.com,,0149874993,Success
Evolve Football Academy,28,,,,No Website
Excelsior High School,45,,,,No Website
Excelsior'20,64,,,,No Website
Chen Family,102,,,,No Website
Excel Hoops Training Institute,20,,,,No Website
Essex,98,https://www.essex.com,,,Success
Everton FC Women,223,https://www.evertonfc.com,,0149874993,Success
Evesham United,174,,,,No Website
Excelsior'20,24,,,,No Website
Excelsior Mariaburg,229,,,,No Website
Evesham United FC,26,,,,No Website
EURO,141,https://www.euro.com,,,Success
Excelsior Football Academy,70,,,,No Website
Excelsior Rotterdam,160,,,,No Website
Excelsior'31,294,,,,No Website
EVLS,34,,,,No Website
EXASIL,123,,,,No Website
Evolution,816,https://www.evolutionfc.com,forms@evolutionfc.com,,Success
Exeter Athletic U15,27,,,,No Website
Exeter City Women,92,,,,No Website
Exeter athletic rfc,15,,,,No Website
Everett Rovers FC,69,https://www.everettfc.com,,,Success
Excel Pro Soccer Academy,26,,,,No Website
Exeter Regional Talent Centre,27,,,,No Website
EULA,110,,,,No Website
Exeter College Football Academy,88,,,,No Website
Excelsior Springs Tigers,27,,,,No Website
Exeter College Sport and Physical Education,104,,,,No Website
Exeter City Afc Ltd,724,,,,No Website
Exeter City FC - II,26,,,,No Website
ESSEC FOOTBALL CLUB,89,,,,No Website
Exeter & District,154,,,,No Website
Exiled SC,59,,,,No Website
Exeter College Sport & Phys Ed - new,36,,,,No Website
Exeter RTC,91,,,,No Website
Expat Football Association,2942,,,,No Website
express palets cantabria,32,,,,No Website
Extra Rage,168,,,,No Website
Exmouth Rugby Club,117,,,,No Website
Dynamo-CB,60,,,,No Website
EXACT Sports,6101,https://www.exactsports.com,,,Success
Eyal Biton Project,15,,,,No Website
Eyad Hudaib,13,,,,No Website
Exulted Football Professional Club,27,,,,No Website
Eyal Haltman,72,,,,No Website
Everett FC,314,https://www.everettfc.com,,,Success
EY International F.C.,38,,,,No Website
F3,16,,,,No Website
Edgware Town,47,,,,No Website
EZC’84,27,,,,No Website
Exeter University,194,,,,No Website
F24 soccer,22,,,,No Website
EXP Showcase,18,,,,No Website
FA 2000 1.senior,11,,,,No Website
F91 Dudelange,66,,,,No Website
FUTBOLO AKADEMIJA ATEITIS,18,,,,No Website
Estero High School,25,https://www.esterohighschool.com,naplesbroker@centurylink.net,,Success
ETSC,14,https://www.etsc.com,,,Success
EXACT Sports,673,https://www.exactsports.com,,,Success
EriStars,173,,,,No Website
Evo FC,29,https://www.evo.co.uk,,,Success
F7Sevilla,116,,,,No Website
Export Players,58,https://www.exportplayers.com,hello@exportplayers.com,,Success
Eyeball,26093,https://www.eyeball.com,,,Success
F91,182,,,,No Website
Fac des sports de Lille,165,,,,No Website
Everyone,37,https://www.everyone.com,,,Success
Sarries,95,,,,No Website
Fabien Yenkamala,29,,,,No Website
Europa Futbol Club,143,https://www.europafutbolclub.com,clubeuropafc@gmail.com,,Success
Excelsior,160,https://www.excelsior.com,,,Success
ETown FC,134,https://www.etown.com,support@etown.com,,Success
Eynesbury Rovers,122,,,,No Website
Excel Soccer Academy,260,,,,No Website
FA Demo Day,14,,,,No Website
FAE Pumas,141,,,,No Website
Excel Soccer Academy,178,,,,No Website
EV SOCCER LEAGUE,232,,,,No Website
F.K World Elite Academy,138,,,,No Website
Fabrizio di Gaetano,49,,,,No Website
EXCELSIOR,50,https://www.excelsior.com,,,Success
Fair city perth,31,,,,No Website
FA Ares,149,https://www.faares.com,,,Success
Excel Sport,153,https://www.excelsport.co.uk,info@excelsport.co.uk,01923469475,Success
Wolves,152,https://www.wolves.co.uk,,,Success
Exeter College,106,,,,No Website
EYFC,89,https://www.eyfc.com,,,Success
Fairsystem UG,26,,,,No Website
Fagernes Idrettslag Fotball,311,,,,No Website
Fabbe,29,,,,No Website
Fairfield Area School District,30,,,,No Website
FA Dobrudzha 2015,19,,,,No Website
Fairbanks Youth Soccer Association,13,,,,No Website
Exeter School,90,https://www.exeterschool.co.uk,,,Success
FAHS Rugby,21,,,,No Website
Excel Soccer Academy,121,,,,No Website
FAIG Illkirch-Graffenstaden,22,,,,No Website
Fair City Athletic 2011,10,,,,No Website
Bellevue Athletic FC,183,https://www.bellevue.com,,,Success
FPYC,195,,,,No Website
Fairfax VA Union,712,,,,No Website
Fairfax Police Youth Club,29,,,,No Website
Fairfield University Men's Soccer,77,,,,No Website
Fairfield Soccer,13,,,,No Website
Fairland Youth Football League,45,,,,No Website
FHS Soccer,103,,,,No Website
Explorers fc,123,https://www.explorers.com,,,Success
Fairmont High School,100,,,,No Website
Fairfield Warde High School Girls Soccer,30,,,,No Website
Fairmuir Boys Club,139,,,,No Website
Fairfield University Soccer,213,,,,No Website
EXPERIENCIA MONTCADA,113,https://www.experienciamontcada.com,,,Success
Fairview High School Girls Soccer,17,,,,No Website
ASD Fair Play Messina,202,,,,No Website
faig,63,,,,No Website
Fairhope High School,50,,,,No Website
Fairwater RFC,60,,,,No Website
Exmouth Town FC,85,,,,No Website
Exmouth Town,168,,,,No Website
Fairfield University,31,,,,No Website
Exmouth,10,,,,No Website
FA KAUNAS,23,,,,No Website
FAB Academy,126,,,,No Website
Falcon Basketball,378,,,,No Website
Falcons  DPP,28,,,,No Website
FAKHAR JEDDAH,122,,,,No Website
Fair Play CO,63,,,,No Website
Falcons 2000,70,,,,No Website
Falcons AFC,21,,,,No Website
Fairfield Bulls,56,,,,No Website
F24,291,https://www.f24.com,,,Success
Excel Academy,165,,,,No Website
FA Euro,44,https://www.faeuro.com,605a7baede844d278b89dc95ae0a9123@sentry-next.wixpress.com,,Success
EXCEL,71,,,,No Website
falcons toulouges baho,12,,,,No Website
Falkeid IL,118,,,,No Website
F24 FC,14,https://www.f24.com,,,Success
Excellent Feet FC,394,,,,No Website
Family Use,82,,,,No Website
Falkenbergs FF,251,,,,No Website
Falkenbergs FF,12,,,,No Website
Falkirk Foundation,72,,,,No Website
Falköpings FK,92,,,,No Website
F1 Racing,32,https://www.f1racing.com,,,Success
Falköpings KIK,61,,,,No Website
Falcons Rugby Club,211,,,,No Website
FOSC,320,https://www.fosc.com,,,Success
Fakenham,29,,,,No Website
Fakenham,115,,,,No Website
Fall River Marksmen FC,37,,,,No Website
Fall 22 NPL Boys Showcase,123,,,,No Website
Fall 22 NPL Girls Showcase,122,,,,No Website
Falmouth RFC,16,,,,No Website
Fallstown FC 13G,68,,,,No Website
Falmouth Town 1st Team,89,,,,No Website
]Lady Jackets,33,,,,No Website
ESM,223,,,,No Website
EXCEL,25,,,,No Website
Aurora FC,27,https://www.aurora.co.uk,generalenquiries@aurora.co.uk,,Success
Express,21,https://www.express.co.uk,,,Success
Fabi,97,,,,No Website
Faliyah,11,https://www.faliyah.com,,,Success
Familia Ramirez Garza,14,,,,No Website
ECS,88,https://www.ecs.co.uk,,,Success
Falu BS,78,,,,No Website
Familia Barreto,38,,,,No Website
Familia Vargas - sw,40,,,,No Website
Familia Semprit,14,,,,No Website
Falu BS,30,,,,No Website
Evolve,90,https://www.evolvefc.co.uk,matt@evolvefc.co.uk,,Success
Metal-Bras snc,31,,,,No Website
Jasmina Dietrich,50,,,,No Website
Schengen,20,,,,No Website
Familie Holm,223,,,,No Website
Evergreen,115,https://www.evergreen.com,hello@evergreen.com,,Success
Familia Lopez,39,,,,No Website
Fairmuir,72,,,,No Website
Fairhope Soccer Club,243,https://www.fairhopesoccerclub.com,info@fairhopesoccerclub.com,,Success
FCHS,109,,,,No Website
Family - Ayan Saha,74,,,,No Website
Falcon Football,159,,,,No Website
Evergreen,128,https://www.evergreen.com,hello@evergreen.com,,Success
Steve Burgess,60,,,,No Website
Falco,43,https://www.falco.com,sales@falco.com,,Success
FHS - Girls Soccer,15,,,,No Website
FLC,26,,,,No Website
Famos! consultancy,34,,,,No Website
Falkirk RFC,49,https://www.falkirkrfc.com,2431fa97889e4751b7ff02313b91d5a7@sentry.io,,Success
FCS Warriors,146,,,,No Website
Falcon Sports,28,,,,No Website
Fam,13,,,,No Website
FTFC,31,https://www.ftfc.com,,,Success
FAM,131,,,,No Website
Family Use,35,,,,No Website
Family Use,19,,,,No Website
Fairford Youth Football Club,13,https://www.fairford.com,,,Success
Family Use,13,,,,No Website
Family Use,80,,,,No Website
Fanaticos S.A.,53,,,,No Website
Fanna BK,12,,,,No Website
Family Plan_Liverpool John Moores University,32,https://www.liverpoolfc.com,contactus@liverpoolfc.com,,Success
Färgelanda IF,57,,,,No Website
Farias Soccer Academy Inc.,203,,,,No Website
Perez Family,142,https://www.perezfamily.com,,,Success
Faith Family Academy,64,https://www.faithfamily.com,faithfamilyoutreach@tampabay.rr.com,,Success
Falcons Soccer,51,,,,No Website
Acosta,122,https://www.acosta.com,,,Success
Faith Family Academy,177,https://www.faithfamily.com,faithfamilyoutreach@tampabay.rr.com,,Success
Fares AlSayegh,24,,,,No Website
FA Para Talent Pathway,236,,,,No Website
FCS,70,https://www.fcs.com,info@fcs.com,,Success
Färila IF,20,,,,No Website
Farmington High School Soccer,177,,,,No Website
Family Sports,221,,,,No Website
Fall Bay,35,,,,No Website
FAMILY SPORT CENTER,135,https://www.familysportcenter.com,recurso-5@3x-8.png,,Success
Farmors School/Fairford RFC,48,,,,No Website
Farnham RUFC girls section,15,,,,No Website
Keys family,76,https://www.keysfamily.com,605a7baede844d278b89dc95ae0a9123@sentry-next.wixpress.com,,Success
Färjestadens GOIF,28,,,,No Website
Fanshawe College,14,,,,No Website
Farnham Town Hawks,121,,,,No Website
Falcons,23,https://www.falcons.com,,,Success
Farnborough FC Women,81,,,,No Website
Fanad United,121,https://www.fanad.com,enquiries@donegalholiday.com,,Success
Family,40,https://www.familyfc.com,,,Success
Family Lynch,33,https://www.familylynch.com,,,Success
Fairfax United,32,,,,No Website
Challenger Fc,91,https://www.challenger.com,ffg-fc-horizontal-january-2024@2x-300x30.png,,Success
Far Post Enterprises,116,,,,No Website
Farnham RUFC,165,,,,No Website
"Far Post Soccer Club, Inc.",94,,,,No Website
Family,57,https://www.familyfc.com,,,Success
Family,33,https://www.familyfc.com,,,Success
Fairford Town Academy,20,https://www.fairford.com,,,Success
Fallston Rec,118,https://www.fallstonrec.com,frctreasurer05@gmail.com,,Success
Farnham Town YFC,41,,,,No Website
Falls SC,80,,,,No Website
Farsø HK,117,,,,No Website
Farmington Soccer,282,,,,No Website
Farum Boldklub,23,,,,No Website
Family,57,https://www.familyfc.com,,,Success
Farum Boldklub U17-1,35,,,,No Website
Farum Boldklub u15-1 Liga3,17,,,,No Website
Farmington Soccer Club,313,,,,No Website
Falcon,41,https://www.falcon.co.uk,,,Success
FAS National Development Centre,398,,,,No Website
Farum Bk - 2012,395,,,,No Website
Faraday,134,https://www.faraday.com,info@faraday.com,,Success
FASCINATE JY,166,,,,No Website
Fässbergs IF,268,,,,No Website
Family,50,https://www.familyfc.com,,,Success
Fairford,233,https://www.fairford.com,,,Success
Far West Panthers,12,,,,No Website
family,14,https://www.familyfc.com,,,Success
FAU men’s lacrosse,50,,,,No Website
Farmingdale,85,,,,No Website
FASE SZCZECIN MŁ U15,20,,,,No Website
Fastek Football Academy,139,,,,No Website
Farlington School,36,https://www.farlingtonschool.com,admissions@farlingtonschool.com,01403282573,Success
FAU HS Girls,11,,,,No Website
Fairview,83,https://www.fairview.co.uk,,,Success
Family,92,https://www.familyfc.com,,,Success
FA Tartu Kalev,276,,,,No Website
Farum BK,61,,,,No Website
F.A VAL DE MODER,46,,,,No Website
Falls City,321,https://www.falls.com,,,Success
Fawkner SC,139,,,,No Website
Faringdon Rugby Club,45,https://www.faringdonrugbyclub.com,2431fa97889e4751b7ff02313b91d5a7@sentry.io,,Success
Fatih Kaya,45,,,,No Website
F.B.Bonrepòs i Mirambell,43,,,,No Website
Family,73,https://www.familyfc.com,,,Success
Family,22,https://www.familyfc.com,,,Success
Family,52,https://www.familyfc.com,,,Success
Faxe BK,75,,,,No Website
Faversham Town U14 KYL,137,,,,No Website
Far South Coast Football Academy,28,,,,No Website
Falls City,96,https://www.falls.com,,,Success
Fc,10,,,,No Website
FC,17,,,,No Website
FBE2,164,,,,No Website
FC,148,,,,No Website
FBFDV FédérationBelgeFrancophonedeDisqueVolant,13,,,,No Website
FC,69,,,,No Website
FC,132,,,,No Website
FC,106,,,,No Website
FC,13,,,,No Website
Fana,415,https://www.fana.com,,,Success
FBK,59,,,,No Website
FBC Reign,23,,,,No Website
Fazi Football Analysis,10,,,,No Website
FBBC Soccer,17,,,,No Website
FBC Carolina Elite,253,,,,No Website
FBE1,57,,,,No Website
거창FC,45,,,,No Website
Ballyheane,30,,,,No Website
Future Communications Ltd,26,,,,No Website
가야FC,46,,,,No Website
FB Thomas Rasmussen,113,,,,No Website
Faughanvale,102,,,,No Website
가야FC,440,,,,No Website
REDOVAN,41,,,,No Website
이동FC,42,,,,No Website
Fairlands Youth FC,147,https://www.fairlands.co.uk,,,Success
FC 캐논,10,,,,No Website
Faith Christian,24,https://www.faithchristian.com,hello@learningnetwork.org,,Success
남양산FC,20,,,,No Website
Tuzos,129,,,,No Website
FBFC,202,,,,No Website
Faith Christian Academy,217,https://www.faithchristian.com,hello@learningnetwork.org,,Success
FASC,138,https://www.fasc.com,,,Success
난우FC,88,,,,No Website
FAZES,195,,,,No Website
FC캐논,13,,,,No Website
부경고FC,40,,,,No Website
풋볼아이FC,741,,,,No Website
칸테라FC,35,,,,No Website
ながいユナイテッドFC,142,,,,No Website
FC캐논,10,,,,No Website
장흥FC,29,,,,No Website
해운대구FC,36,,,,No Website
꼰티고FC,83,,,,No Website
リコプエンテFC,113,,,,No Website
FC07 Furtwangen,19,,,,No Website
송도FC,149,,,,No Website
イーストールFC,59,,,,No Website
FCグラシアス,67,,,,No Website
Farwest United,94,https://www.farwest.co.uk,,,Success
FC 08 Homburg,12,,,,No Website
FC 1920 Gundelfingen VfL e.V. - Herren,157,,,,No Website
Faro,25,https://www.farofc.com,,,Success
Fayetteville Academy,44,,,,No Website
FCアミーゴ,300,,,,No Website
FC オーパスワン,303,,,,No Website
FC 1920 Gundelfingen VfL e.V. - Junioren,118,,,,No Website
FC 1919 Bad Dürrheim e.V.,128,,,,No Website
FC캐논,13,,,,No Website
Fargs,301,https://www.fargs.co.uk,fargs@mail.com,,Success
Favela FC,331,https://www.favelafc.com,,,Success
FC 1917 Gerolzhofen e.V.,35,,,,No Website
Fußball-Club 08 Homburg- Saar e.V.,15,,,,No Website
FC 08 Villingen,43,,,,No Website
FC08 Bad Säckingen,168,,,,No Website
FC 1945 Ober-Rosbach,25,,,,No Website
Faversham,77,https://www.faversham.co.uk,,,Success
Fc 93,11,,,,No Website
FCソレイユ,80,,,,No Website
FC Schönwald,19,,,,No Website
Farnham Town FC,36,https://www.farnham.co.uk,hey-logo@2x.png,,Success
FC 03 Radolfzell,45,,,,No Website
Fareham Town,59,https://www.fareham.com,,,Success
FC Eddersheim,214,,,,No Website
Faversham RUFC,70,https://www.favershamrufc.co.uk,605a7baede844d278b89dc95ae0a9123@sentry-next.wixpress.com,,Success
부천FC 1995,211,,,,No Website
Faversham Town,81,https://www.faversham.co.uk,,,Success
Faversham Town FC Youth,127,https://www.faversham.co.uk,,,Success
FC 1980 Wien,31,,,,No Website
FC 1963 Kaichen,29,,,,No Website
FC 1974 Libertyville,22,,,,No Website
FC2011,464,,,,No Website
FC1 Soccer Academy and Glenview Soccer Club,273,,,,No Website
FC 03 Radolfzell,278,,,,No Website
FBCKISSIMMEE,138,https://www.fbckissimmee.com,info@fbckissimmee.com,,Success
Aînés 1 fC 2 Rives 82,48,,,,No Website
FC Abbey Meads,112,,,,No Website
FC 32,175,,,,No Website
Bastendorf,62,,,,No Website
FC4733,36,,,,No Website
FC814 Team Energy,50,,,,No Website
FC 98 Hennigsdorf e.V.,29,,,,No Website
FC814,61,,,,No Website
FC72 Erpeldange,24,,,,No Website
FCA 2028 Blue Girls Lacrosse,37,,,,No Website
FC Aarau_Garat,34,,,,No Website
FC Hardt,50,,,,No Website
진주 드림FC(A),29,,,,No Website
FC Aarau Frauen,73,,,,No Website
FC Århus Syd,45,,,,No Website
FCA 2013 24-25,27,,,,No Website
Farmington SC,179,https://www.farmingtonsc.com,impallari@gmail.com,,Success
FCA 27 Girls,14,,,,No Website
Fawley,183,https://www.fawley.com,user@domain.com,,Success
FC Aarau_Page,90,,,,No Website
FC Abcoude VEO cam 2,100,,,,No Website
FC Abtwil-Engelburg,30,,,,No Website
FC Aïre-le-Lignon,78,,,,No Website
Familia,207,,,,No Website
FC Alemannia Gedern 1910,39,,,,No Website
Fast-Foot,108,https://www.fastfoot.com,,,Success
FCA Niederbrechen,45,,,,No Website
FC Alliance 2013B,87,,,,No Website
FC ALLIANCE,40,https://www.alliance.com,,,Success
Strikeforce,78,,,,No Website
FC Alliance 2012 Girls,75,,,,No Website
Fc25,36,,,,No Website
FC Alliance 2012G Pre-ECRL,75,,,,No Website
FC Alliance - Harryman Boys,83,,,,No Website
Fans United,61,,,,No Website
FASE VEO3,101,https://www.fase.co.uk,,,Success
FASE,86,https://www.fase.co.uk,,,Success
FC Altmünster,82,,,,No Website
FC Aegeri,18,,,,No Website
FC Allmemdingen,12,,,,No Website
FC Åland,71,,,,No Website
FC Åmål,209,,,,No Website
FC Aemme,11,,,,No Website
FC Ajka,79,,,,No Website
FC Alsbach e. V.,44,,,,No Website
FC Abcoude,60,,,,No Website
FC AMICII BXL,139,,,,No Website
FC Semice,58,,,,No Website
FC Anjou (Montréal),19,,,,No Website
Farum,160,,,,No Website
FC2M,38,https://www.fc2m.com,marilyne@fc2m.org,0771704488,Success
FC Altstetten 1,19,,,,No Website
FC Andréa Macairois,23,,,,No Website
FamCam,114,,,,No Website
Fc Annoeullin,35,,,,No Website
FC Anzing-Parsdorf,33,,,,No Website
FC Arbon 05,149,,,,No Website
FC ANNECY FORMATION,95,,,,No Website
FBK,240,,,,No Website
FCAZ Uzo,30,,,,No Website
Fc Alpnach,47,,,,No Website
FC 1913,29,,,,No Website
FC Annecy,56,,,,No Website
Father Ryan,21,,,,No Website
FC Arizona 09G,57,,,,No Website
FC Arminia Ludwigshafen,11,,,,No Website
FC Arminia Ludwigshafen,24,,,,No Website
FC Arkansas Kiser VEO3,30,,,,No Website
FC Annecy,10,,,,No Website
Hurricanes,38,,,,No Website
FBH,33,,,,No Website
FC ALEX,16,https://www.alex.com,,,Success
FC Antrim,101,,,,No Website
FC Arzignano Valchiampo,15,,,,No Website
FCAS Hosingen,116,,,,No Website
FC Alliance,124,https://www.alliance.com,,,Success
FC Amriswil,19,https://www.amriswil.com,,,Success
FCA SC 06,34,,,,No Website
FC ARONZA,62,,,,No Website
FCA 2ème,13,,,,No Website
Blount United,128,,,,No Website
F.C.ATLAS U-15,32,,,,No Website
Alliance,123,https://www.alliance.com,,,Success
FC Astoria Walldorf,24,,,,No Website
FBS FC,179,,,,No Website
FC Alliance,168,https://www.alliance.com,,,Success
FC ATRAPS Brno,11,,,,No Website
FC Atert Bissen,55,,,,No Website
FC Alliance,533,https://www.alliance.com,,,Success
FC Alliance,109,https://www.alliance.com,,,Success
Alemannia,52,,,,No Website
FC Alemannia,26,,,,No Website
FC Allschwil,74,https://www.allschwil.com,,,Success
FC Alliance,126,https://www.alliance.com,,,Success
FC Astoria Walldorf,449,,,,No Website
Athens Kallithea,10,,,,No Website
Atletico Città di Cerea,63,,,,No Website
EvoSoccer,914,,,,No Website
FC 1974,228,https://www.1974.co.uk,,,Success
FC Alliance,118,https://www.alliance.com,,,Success
FC ARIZONA,126,https://www.arizonafc.com,,,Success
FC Atletico Stockholm,12,,,,No Website
FC Baden AYL,33,,,,No Website
FCAPM,69,,,,No Website
FC Bagerne,10,,,,No Website
FC Augustdorf,65,,,,No Website
FC Bad Pyrmont Hagen,70,,,,No Website
ACA,50,,,,No Website
FC Baar 1928,46,,,,No Website
FC AVIAILE TOKOROZAWA,86,,,,No Website
FCA Sports,68,,,,No Website
FC Arizona,326,https://www.arizonafc.com,,,Success
FC Arizona,64,https://www.arizonafc.com,,,Success
FC Arizona,143,https://www.arizonafc.com,,,Success
FC Arizona,32,https://www.arizonafc.com,,,Success
FC Bagnes,49,,,,No Website
Fc Almere,33,,,,No Website
FC America,18,https://www.america.com,,,Success
FCAU,17,,,,No Website
fca,13,https://www.fca.com,customerservice@fca.com,,Success
FCA,14,https://www.fca.com,customerservice@fca.com,,Success
Fc Arizona,53,https://www.arizonafc.com,,,Success
FC AMERICA,262,https://www.america.com,,,Success
Fazio,345,https://www.fazio.co.uk,,,Success
Fc balagne,52,,,,No Website
FC Athletico,126,https://www.athleticofc.com,user@domain.com,,Success
MELLIZO,117,,,,No Website
FC Basel 1893,17,,,,No Website
FC Baník Prievidza,444,,,,No Website
FC Balagne,16,,,,No Website
FC BALLR,176,,,,No Website
FC ATHLETICO,103,https://www.athleticofc.com,user@domain.com,,Success
FC ALONZA,384,https://www.alonza.com,,,Success
FC Bazenheid,14,,,,No Website
FC Bayern Alzenau,150,,,,No Website
FC Bazenheid,51,,,,No Website
FC AZUL,356,https://www.azulfc.com,,,Success
FC BEAUPREAU LA CHAPELLE,109,,,,No Website
FC BEAUSSAIS,31,,,,No Website
FCBayern Academy Rwanda,52,,,,No Website
FCB Elite,236,,,,No Website
FC Bascome,359,,,,No Website
FC Arlesheim,23,https://www.arlesheim.com,,,Success
Fc bélugas ria,27,,,,No Website
FC Beaufort Middelkerke,48,,,,No Website
FC Beitar Kfar Saba Shlomi,153,,,,No Website
FC APM,10,https://www.apm.com,,,Success
FC Bern 1894,11,,,,No Website
FC.BANDELIE,103,,,,No Website
FC Bergedorf 85,23,,,,No Website
FC BARESI,137,https://www.baresi.com,,,Success
FCA Lacrosse,11,,,,No Website
F.C. Béthisy,82,,,,No Website
FC Assen,77,https://www.assen.com,,,Success
FC Béroche-Gorgier,101,,,,No Website
FC Besa Biel,16,,,,No Website
FCB,47,https://www.fcb.com,,,Success
FC BALCAZAR,73,,,,No Website
FC BASARA MAINZ,346,https://www.basaramainz.com,,,Success
FC Afif,43,https://www.afiffc.com,afifclup@hotmail.com,,Success
ATSUGI,290,,,,No Website
Fc Balzers,14,https://www.balzers.co.uk,,,Success
FC Beausoleil,23,,,,No Website
FC Bihor Oradea,125,,,,No Website
FC BM 2000,25,,,,No Website
FC Bad Oeynhausen,14,https://www.badoeynhausen.com,,,Success
FC Aurore,113,,,,No Website
FC BASARA Mainz,63,https://www.basaramainz.com,,,Success
FC blau weiß Feldkirch,61,,,,No Website
FC Bay Area Surf,113,https://www.bayareasurf.com,,,Success
FC baste,28,https://www.baste.com,,,Success
FC Blue Stars Frauen,68,,,,No Website
FC Blo-Wäiss IZEG,140,,,,No Website
FC Bad Oeynhausen,35,https://www.badoeynhausen.com,,,Success
FC 2012,157,,,,No Website
FC Bobyor,81,,,,No Website
FC Bonymaen,25,,,,No Website
FC Boréal 2,48,,,,No Website
FCA,70,https://www.fca.com,customerservice@fca.com,,Success
FC Bergh,31,,,,No Website
FC Borussia Dröschede,78,,,,No Website
FC Bösingen,45,,,,No Website
Friesdorf,133,,,,No Website
FC B,108,,,,No Website
FC Borussia Derschlag,92,,,,No Website
FC Avance,117,https://www.avance.com,,,Success
FC Karbach,36,,,,No Website
FC ATO,148,https://www.ato.com,service@ato.com,0153001000,Success
Fc”Bansko”,21,,,,No Website
FC Ballyhoo,65,https://www.ballyhoo.com,domain@ballyhoo.com,,Success
FC Bosdam Beveren,41,,,,No Website
FC BLAUBEUREN,33,,,,No Website
FC Bondues,157,,,,No Website
X-FILES,59,,,,No Website
FC BOSNA HAGEN,11,,,,No Website
FC Brauerei Egg,40,,,,No Website
FC Blazers,10,,,,No Website
Fc Bosna H. München,12,,,,No Website
FC Boréal,133,,,,No Website
FC Battersea,138,,,,No Website
FC Brandenburg 03,134,,,,No Website
FC BASSANO,18,,,,No Website
FC Barocco,23,https://www.barocco.com,online@barocco.com,,Success
FC Bex,13,https://www.bex.com,deutschland@bex.com,,Success
FC Arkansas,165,https://www.arkansas.com,,,Success
FC St-P,13,https://www.stp.com,,,Success
Bologna,10,https://www.bolognafc.com,,,Success
FC Brandbergen P13,320,,,,No Website
FC BOURGOIN-JALLIEU,109,,,,No Website
FC Bosporus,22,,,,No Website
FC Arkansas,496,https://www.arkansas.com,,,Success
FC Arkansas,13,https://www.arkansas.com,,,Success
FC BIBERIST,30,,,,No Website
FC Brandbergen,18,,,,No Website
FC Biel-Bienne Academy,170,https://www.bielbienne.com,service@gassmann.ch,,Success
FC Bellevue,712,https://www.bellevue.com,,,Success
Blue Stars,39,,,,No Website
Black,15,https://www.black.com,,,Success
FC Atlantico,29,https://www.atlantico.co.uk,info@atlantico.co.uk,,Success
FC Bootle,162,https://www.bootlefc.com,media@bootlefootballclub.co.uk,,Success
FC BOUAYE,49,https://www.bouaye.com,,,Success
Black Star,92,https://www.blackstar.com,,,Success
FC Bethlehem,15,https://www.bethlehem.com,,,Success
FC BELIN BELIET,10,https://www.belinbeliet.com,,,Success
FC Bluestar,59,https://www.bluestar.com,,,Success
FC Bellach,22,https://www.bellach.com,,,Success
My Clubhouse,58,https://www.myclubhouse.co.uk,,,Success
FC Blackjack,119,,,,No Website
FC Bitburg,41,https://www.bitburg.com,,,Success
FC Breitenbach,52,,,,No Website
FC Boudry,12,,,,No Website
FC Bassersdorf,11,,,,No Website
FC Bracknell,15,,,,No Website
FC BERLIN,110,,,,No Website
Farrell,108,https://www.farrell.com,,,Success
